no,judul_lagu,musisi,album,tahun_rilis,lirik_lagu
1,everything u are,Hindia,"Doves, '25 on Black Canvas",2025,"Wajahmu ku ingat selalu lupakan
Hal-hal yang menggangguku
Karena hari ini mata kita beradu
Kita saling bantu melepas perasaan

Tinggi ke angkasa menantang dunia
Merayakan muda tuk satu jam saja
Kita hampir mati dan kau selamatkan aku
Dan ku menyelamatkanmu dan sekarang aku tahu

Cerita kita tak jauh berbeda
Got beat down by the world sometimes I wanna fold
Namun suratmu kan ku ceritakan ke anak-anakku nanti
Bahwa aku pernah dicintai with everything u are
Fully as I am with everything u are

Wajahmu yang beragam rupa pastikan
Ku tak sendirian
Jalani derita kau bawakan kisahmu
Aku mendengarkan oh kita bergantian

Bertukar nestapa menawar trauma
Datang seadanya terasku terbuka
Kita hampir mati dan kau sеlamatkan aku
Dan ku menyelamatkanmu dan sekarang aku tahu

Cеrita kita tak jauh berbeda
Got beat down by the world sometimes I wanna fold
Namun suratmu kan kuceritakan ke anak-anakku nanti
Bahwa aku pernah dicintai

Seada-adanya sekurang-kurangnya
Walau sulit utarakan hatiku dengan indah
Walau jarang ku bernyanyi dengan cara yang indah
Tapi tak sekali pun kisahku pernah kau bantah hu

Cerita kita tak jauh berbeda
Got beat down by the world sometimes I wanna fold
Namun suratmu kan ku ceritakan ke anak-anakku nanti
Bahwa aku pernah dicintai with everything u are
Fully as I am with everything u are"
2,Cincin,Hindia,Lagipula Hidup Akan Berakhir,2023,"Kau bermasalah jiwa aku pun rada gila
Jodoh akal-akalan neraka kita bersama
Kau langganan menangis lakimu muntah-muntah
Begitu terus sampai Iblis tobat dan sedekah

Terkadang rasanya leher terbakar hingga pagi
Seperti aku hidup berpasangan dengan api
Berhenti ulangi psikolog dan terapi
Aku isi bensin kita coba lagi

Tapi sbelumnya sejuta sayang untukmu cinta
Karna aku pun bola panas juga kadang lebih atau sama parahnya
Dan jika bicara tentang masa depan aku pun bingung tak punya tebakan
Lagu cinta untuk akhir dunia lihat kami nyanyikan ini bersama

Smoga hidup kita trus begini-gini saja
Walau sungai meluap dan kurs tak masuk logika
Smoga kita mencintai apa adanya
Walau katanya skarang ku bisa masuk penjara

Satu per satu hari per hari
Yang menyakiti benahi lagi
Perihal esok tuk nanti dulu
Perihal cincin kucari waktu

Persetan kata siapa mau bilang apa tak guna
Mreka hanya tahu namamu mreka takkan jadi diriku
Persetan aturan cinta tak tertulis di atas batu
Apa kau ingin menjadi benar atau ingin menjadi muda

Smoga hidup kita trus begini-gini saja
Walau sungai meluap dan kurs tak masuk logika
Smoga kita mencintai apa adanya
Walau katanya skarang ku bisa masuk penjara

Persetan kata siapa mau bilang apa tak guna
Mreka hanya tahu namamu mreka takkan jadi diriku
Persetan aturan cinta tak tertulis di atas batu
Apa kau ingin menjadi benar atau kau ingin menjadi muda
Lagu cinta untuk akhir dunia
Sekarang bantu aku nyanyikan ini bersama

Smoga hidup kita trus begini-gini saja
Walau sungai meluap dan kurs tak masuk logika
Smoga kita mencintai apa adanya
Walau katanya skarang ku bisa masuk penjara

Satu per satu hari per hari
Yang menyakiti benahi lagi
Perihal esok tuk nanti dulu
Perihal cincin kucari waktu"
3,Rumah Ke Rumah,Hindia,Menari Dengan Bayangan,2019,"Menyesal tak kusampaikan
Cinta monyetku ke Kanya dan Rebecca
Apa kabar kalian di sana
Semoga hidup baik-baik saja
Tak belajar terkena getahnya
Saat bersama Thanya dan Saphira
Kupercaya mungkin bukan jalannya
Namun kalian banyak salah juga
Jika dahulu ku tak cepat berubah
Ini maafku untukmu Sharfina
Segala doa yang baik adanya
Untukmu dan mimpimu yang mulia

Pindah berkala rumah ke rumah
Berharap bisa berujung indah
Walau akhirnya harus berpisah
Trima kasih karna ku tak mudah
Pindah berkala rumah ke rumah
Berharap bisa berujung indah
Walau akhirnya harus berpisah
Trima kasih karna ku tak mudah

Hm

Maaf jika ku sering buat susah
Indisya Panda Anggra Caca Sismita
Prempuan terkuat dalam hidupku
Terjanglah apa pun yang kalian tuju
Kau datang saat gelapku merekah
Seluruh hatiku untukmu Meidiana
Kau pantas dapatkan yang baik di dunia
Smoga kita bertahan lama

Pindah berkala rumah ke rumah
Mengambil pelajaran jika berpisah
Jikalau suatu saat berujung indah
Catat nama kita dalam sejarah
Pindah berkala rumah ke rumah
Mengambil pelajaran jika berpisah
Jikalau suatu saat berujung indah
Catat nama kita dalam sejarah

Letih mengembara rumah ke rumah
Kadang ku lupa akanmu Amalia
Siap sedia tiap ku bercerita
Ku beruntung jadi anakmu Bunda

Pindah berkala rumah ke rumah
Selalu pada dirimu aku berserah
Jika aku disebut dalam sejarah
Mreka takkan lupa karna siapa
Pindah berkala rumah ke rumah
Selalu pada dirimu aku berserah
Jika aku disebut dalam sejarah
Mreka takkan lupa karna siapa"
4,Evaluasi,Hindia,Menari Dengan Bayangan,2019,"Yang tak bisa terobati
Biarlah
Mengering sendiri
Menghias tubuh dan yang mengevaluasi
Ragamu
Hanya kau sendiri mereka tak mampu

Melewati yang telah kau lewati tiap berganti hari
Rintangan yang kau hadapi

Masalah yang mengeruh
Oh perasaan yang rapuh
Ini belum separuhnya biasa saja
Kamu tak apa

Yang selalu ingin ambil peran
Hanya berlomba menjadi lebih
Sedih dari dirimu muak dikesampingkan
Disamakan hatimu terluka sempurna

Masalah yang mengeruh
Ho perasaan yang rapuh
Ini belum separuhnya
Biasa saja
Kamu tak apa

Perjalanan yang jauh
Kau bangun untuk bertaruh
Hari belum selesai
Biasa saja
Kamu tak apa

Bilas muka gosok gigi evaluasi
Tidur sejenak menemui esok pagi
Walau pedih ku bersamamu kali ini
Ku masih ingin melihatmu esok hari

Bilas muka gosok gigi evaluasi
Tidur sejenak menemui esok pagi
Walau pedih ku bersamamu kali ini
Ku masih ingin melihatmu esok hari

Bilas muka gosok gigi evaluasi
Tidur sejenak menemui esok pagi
Walau pedih ku bersamamu kali ini
Ku masih ingin melihatmu esok hari"
5,Secukupnya,Hindia,Menari Dengan Bayangan,2019,"Kapan terakhir kali kamu dapat tertidur tenang (renggang)
Tak perlu memikirkan tentang apa yang akan datang di esok hari
Tubuh yang berpatah hati bergantung pada gaji
Berlomba jadi asri mengais validasi

Dan aku pun terhadir
Seakan paling mahir
Menenangkan dirimu
Yang merasa terpinggirkan dunia
Tak pernah adil

Kita semua gagal
Angkat minumanmu
Bersedih bersama-sama
Ah ah ah ah
Sia-sia pada akhirnya
Putus asa terekam pedih semua
Masalahnya lebih dari yang secukupnya

Rekam gambar dirimu yang terabadikan bertahun silam
Putra putri sakit hati Ayah Ibu sendiri
Komitmen lama mati hubungan yang menyepi

Wisata masa lalu
Kau hanya merindu
Mencari pelarian
Dari pengabdian yang terbakar sirna
Mengapur berdebu

Kita semua gagal
Ambil sedikit tisu
Bersedihlah secukupnya
Ah ah ah ah
Secukupnya kan masih ada
Penggantinya belum waktunya kau bisa
Menjawabnya ah ah ah ah ah secukupnya

Semua yang sirna kan kembali lagi
Semua yang sirna kan nanti berganti"
6,Kita Ke Sana,Hindia,Lagipula Hidup Akan Berakhir,2023,"Rayakan hari ini
Besok sisa sengsara
Belum pulan kau pun di sini
Temani diriku

Kita bersandiwara
Bicara tak semestinya
Walau kita tahu nyatanya
Semua tak baik saja

Ada masanya kita
Mencuri ruang dan waktu
Walau pasti berlalu
Biarkan saja kita ke sana
Selagi masih bisa bersama
Bersama

Semuanya sementara
Kita di ujung cerita
Untuk lima menit coba kau
Mengambil alih dunia

Ada masanya kita
Mencuri ruang dan waktu
Walau pasti berlalu
Biarkan saja kita ke sana
Selagi masih bisa bersama

Ada masanya kita
Mencuri ruang dan waktu
Walau pasti berlalu
Biarkan saja kita ke sana (kita ke sana)
Selama-lamanya (selama-lamanya)
Selagi masih bisa bersama
Bersama oh
Bersama
Bersama oh oh"
7,Membasuh,Hindia,Menari Dengan Bayangan,2019,"Selama ini
Ku menanti
Yang kuberikan

Datang berbalik
Tak kunjung pulang
Apapun yang terbilang
Di daftar pamrihku seorang

Telat kusadar
Hidup bukanlah
Perihal mengambil yang kau tebar
Sedikit air yang kupunya
Milikmu juga bersama

Bisakah kita tetap memberi walau tak suci
Bisakah terus mengobati walau membiru
Cukup besar tuk mengampuni tuk mengasihi
Tanpa memperhitungkan masa yang lalu
Walau kering bisakah kita tetap membasuh

Kita bergerak dan bersuara
Berjalan jauh tumbuh bersama
Sempatkan pulang ke beranda
Tuk mencatat hidup dan harganya

Bisakah kita tetap memberi walau tak suci
Bisakah terus mengobati walau membiru
Cukup besar tuk mengampuni tuk mengasihi
Tanpa memperhitungkan masa yang lalu
Walau kering bisakah kita tetap membasuh

Mengering sumurku terisi kembali
Kutemukan makna hidupku disini

Mengering sumurku terisi kembali
Kutemukan makna hidupku disini

Bisakah kita tetap memberi walau tak suci
Bisakah terus mengobati walau membiru
Cukup besar tuk mengampuni tuk mengasihi
Tanpa memperhitungkan masa yang lalu
Walau kering bisakah kita tetap membasuh

Membasuh

Hm

Mengering sumurku terisi kembali
Kutemukan makna hidupku disini

Mengering sumurku terisi kembali
Kutemukan makna hidupku disini

Mengering sumurku terisi kembali
Kutemukan makna hidupku disini

Mengering sumurku terisi kembali
Kutemukan makna hidupku disini"
8,"Berdansalah, Karir Ini Tak Ada Artinya",Hindia,Lagipula Hidup Akan Berakhir,2023,"Besok coba kau izin pulang cepat
Bilang saja siapa sedang sakit
Lusa coba izin terlambat
Bilang saja kau celaka sedikit

Habiskan cutimu sebelum usai
I know you're scared but it's totally fine
Karena kau bukan mesin assembly line
Lihat promo liburan babe that's a sign

Oh karena ku tahu
Kalimat itu ada di ujung mulutmu
Oh karena kau tahu
Tak mau lakukan itu seumur hidupmu

Lakukan apa yang kau mau sekarang
Saat hatimu bergerak jangan kau larang
Hidup ini tak ada artinya
Maka kau bebas mengarang maknanya seorang
Lakukan apa yang kau mau sekarang
Saat hatimu bergerak jangan kau larang
Lagipula hidup akan berakhir
Maka lakukan apa yang kau mau sekarang

Berdansalah kau raja dunia
Karir ini tak ada artinya
Berdansalah kau ratu dunia
Hidup ini tak ada artinya

Besok coba kau berbohong sedikit (sedikit)
Lalu kau melupa saat diungkit (ungkit)
Bisa juga kau jujur saja (jujur saja)
Separahnya kau akan makin lega

Oh karena ku tahu (tahu)
Kalimat itu ada di ujung mulutmu
Oh karena kau tahu
Utamakanlah dirimu di sisa hidupmu

Lakukan apa yang kau mau sekarang
Saat hatimu bergerak jangan kau larang
Hidup ini tak ada artinya
Maka kau bebas mengarang maknanya seorang
Lakukan apa yang kau mau sekarang
Saat hatimu bergerak jangan kau larang
Lagipula hidup akan berakhir
Maka lakukan apa yang kau mau sekarang

Lakukan apa yang kau mau sekarang
Saat hatimu bergerak jangan kau larang
Hidup ini tak ada artinya
Maka kau bebas mengarang maknanya seorang
Lakukan apa yang kau mau sekarang
Saat hatimu bergerak jangan kau larang
Lagipula hidup akan berakhir
Maka lakukan apa yang kau mau sekarang

Berdansalah kau raja dunia (raja dunia)
Karir ini tak ada artinya (tak ada artinya)
Berdansalah kau ratu dunia (ratu dunia)
Hidup ini tak ada artinya"
9,Ramai Sepi Bersama,Hindia,-,2020,"Seberapa jauh dari sini
Tembok-tembok ini tak berarti
Asal kulihat senyummu hari ini
Mendengar keluhmu malam nanti

Saat semua tak jelas arahnya
Kita hanya punya bersama
Lewati curam terjalnya dunia
Ramai sepi ini milik bersama
Ramai sepi ini milik bersama
Kita sama-sama takkan ke mana
Selama kau ada aku tak apa
Apa pun yang terjadi tidak apa

Melihat tawa tangis dan isak
Mendengar kabar berbagai macamnya
Kali ini kita belajar banyak
Yang runtuh kita ulangi nantinya

Saat semua tak jelas arahnya
Kita hanya punya bersama
Lewati curam terjalnya dunia
Ramai sepi ini milik bersama
Saat terasa berat-beratnya
Kutahu kau pun berjuang juga
Hadapi semuanya langsung di muka
Apa pun yang terjadi tidak apa

Setiap hari ku bersyukur
Melihatmu
Berselimut harapan
Berbekal cerita

Saat semua tak jelas arahnya
Kita hanya punya bersama
Lewati curam terjalnya dunia
Ramai sepi ini milik bersama
Ramai sepi ini milik bersama
Kita sama-sama takkan ke mana
Selama kau ada aku tak apa
Apa pun yang terjadi tidak apa"
10,Untuk Apa / Untuk Apa?,Hindia,Menari Dengan Bayangan,2019,"Rumah ini dahulu sederhana
Ruang demi ruang dibangun bersama
Angan-angan yang dulu mimpi belaka
Kita gapai segala yang tak disangka

Tak sadar menimbun lebih berharga
Berdiri di atas yang lebih bermakna
Anak tangga yang berlebihan jumlahnya
Mendaki terus entah mau ke mana

Dan kau selalu bertanya untuk apa
Mengelak kerap kutemukan jawabnya
Medusa dan semakin keras kepala
Seakan hidup hanya untuk bekerja

Mengejar mimpi sampai tak punya rasa
Mengejar mimpi sampai lupa keluarga
Mengejar mimpi lupa dunia nyata
Mengejar mimpi tapi tidak bersama

Padahal katanya uang takkan kemana
Jika memang rezeki ya kan ditransfer juga
Namun dikejar terus seakan satwa langka
Diprosesnya melintah lupa jadi manusia

Melihat hawa jadi panas lupa cuaca
Tertiup angin buah jatuh digigit juga
Seakan perlu banyak seperti Dewa Siwa
Padahal manusia hanya bertangan dua

Kasur yang luas tapi bangun sendiri
Mobil baru mengkilap tanpa penumpang di kiri
Banyak sepatu minim privasi susah pergi
PS4 nintendo switch tanpa player dua

Dan dahulu kau bertanya untuk apa
Lalu kuperhatikan ini semua
Barang mahal yang tidak ada harganya
Dan sekarang kubertanya untuk apa

Terlepas apa yang engkau percayai
Tetap takkan ada yang dibawa mati
Kembali ke tanah dan tumbuh cemara
Mana saja harta yang lebih berharga

Terlepas apa yang engkau percayai
Tetap takkan ada yang dibawa mati
Kembali ke tanah dan tumbuh cemara
Mana saja harta yang lebih berharga

Terlepas apa yang engkau percayai
Tetap takkan ada yang dibawa mati
Menimbun surga yang tak bisa dibagi
Akhirnya pun wafat sendiri-sendiri

Mengangkat ikat rambutmu yang tertinggal
Di lengan kiri mobilku terakhir kita menonton
Jariku tak juga kuat sungguh janggal
Lebih berat dari seribu ton

Satu dari ribuan hal kecil
Yang sekarang menjadi terampil
Menggosok garam di atas luka
Dulu tak ada apa-apanya

Rute pagi yang dahulu ceria
Menu favorit kini hambar rasanya
Foto yang tak berani dilirik mata
Kontak sekarang jadi sebatas nama

Masing-masing selamat dan bercerita
Namun tidak lagi miliki bersama
Cepat namun sendiri untuk apa
Bersama tapi meracuni untuk apa

Cepat namun sendiri untuk apa
Bersama tapi meracuni untuk apa

Cepat namun sendiri untuk apa
Bersama tapi meracuni untuk apa"
11,Mata Air,Hindia,Menari Dengan Bayangan,2019,"Ha ha

Menghabiskan gaji untuk diriku sendiri
Membeli satu tiket film terkini
Memesan yang cukup hanya untuk satu porsi
Menyanyikan Kunto Aji di tengah muda-mudi

Semua jatuh bangunmu hal yang biasa
Angan dan pertanyaan waktu yang menjawabnya
Berikan tenggat waktu bersedih lah secukupnya
Rayakan perasaanmu sebagai manusia

Jika kau pernah tersakiti angkat tangan
Jika kau pernah menyakiti angkat tangan
Jika kau pernah bahagia angkat tangan
Jika kau pernah kecewa angkat tangan

Jika kau pernah tersakiti angkat tangan
Jika kau pernah menyakiti angkat tangan
Jika kau pernah bahagia angkat tangan
Jika kau pernah kecewa angkat tangan

Hidup bukan untuk saling mendahului
Bayangan yang diciptakan oleh mentari
Ada karena matahari bermaksud terpuji
Untukmu cintai diri sendiri hari ini

Jika kau pernah tersakiti angkat tangan
Jika kau pernah menyakiti angkat tangan
Jika kau pernah bahagia angkat tangan
Jika kau pernah kecewa angkat tangan

Jika kau pernah tersakiti angkat tangan
Jika kau pernah menyakiti angkat tangan
Jika kau pernah bahagia angkat tangan
Jika kau pernah kecewa angkat tangan

Mata airmu ada di sini
Mata airmu diri sendiri
Temukan makna hidupmu sendiri
Menarilah dengan bayangan diri sendiri

Mata airmu ada di sini
Mata airmu diri sendiri
Temukan makna hidupmu sendiri
Menarilah dengan bayangan diri sendiri

Mata airmu ada di sini
Mata airmu diri sendiri
Temukan makna hidupmu sendiri
Menarilah dengan bayangan diri sendiri

Mata airmu ada di sini
Mata airmu diri sendiri
Temukan makna hidupmu sendiri
Menarilah dengan bayangan diri sendiri"
12,Evakuasi,Hindia,Menari Dengan Bayangan,2019,"Aku hanya ingin ketenangan
Bukan rumah uang atau ketenaran
Aku hanya butuh ketenangan
Ia sangat jauh hanya angan-angan

Aku hanya ingin ketenangan
Tanpa kabar panggilan dan pertemuan
Aku hanya butuh ketenangan
Menghilangkan diri dari keramaian

Seribu Tuhan ini berat
Bangun berpura menjadi kuat
Sungguh semua ini bom waktu
Memikul ceritamu
Memikul salahku

Aku bukan objek validasi
Jauhkan diriku dari foto selfie
Aku bukan objek imitasi
Jangan pakai fotoku di akun pribadi

Kau tak akan pernah mengenaliku
Berbicara seakan kau tahu diriku
Ku mendoakanmu dari jauh
Tak perlu mengirim pesan di ulang tahunku

Seribu Tuhan ini berat
Bangun berpura menjadi kuat
Sungguh semua ini bom waktu
Memikul ceritamu
Memikul salahku

Sekarang ku pergi
Anggap aku mati
Selamatkan diri
Oh evakuasi

Jangan cari aku
Siang hari sore nanti
Malam ini ku menari
Dengan bayangan diri sendiri

Sekarang ku pergi
Anggap aku mati
Selamatkan diri
Oh evakuasi

Jangan cari aku
Siang hari sore nanti
Malam ini ku menari
Dengan bayangan diri sendiri

Aku hanya butuh ketenangan
Ia sangat jauh
Hanya angan-angan
Aku hanya butuh ketenangan"
13,kids,Hindia,"Doves, '25 on Black Canvas",2025,"Pagi ini sumpah kukira kucingku bangunkanku dengan kukunya
Hati sedih saat ku sadar diriku sendirian di luar kota
Far far away from my responsibility of feeding them all on time
Right now so close I know I'm getting what I want I think I need some more dimes

Dan kadang ku takut kurang luangkan waktu di rumah 'tuk Mimi dan Betty
Terlambat sadar bahwa sepanjang hidup mereka hanya punya diriku

Or maybe I made one too many mistakes
Just wanna feel their fur one last time
Always I hope that I did them okay
And gave them enough love in their lives

No I got no answer
I just can't decide
Tak punya jawaban
I just can't decide

Whether I really care about making it big
Or if I really just wanna hop on that plane and go home
Be home with my cats
Be home with my kids
Hmm

Maybe I made one too many mistakes
Just wanna feel their purr one last time
Always I hope that I did them okay
And gave them enough love in their lives

No I got no answer
I just can't decide
Tak punya jawaban
I just can't decide

Whether I really care about making it big
Or if I really just wanna hop on that plane and go home
Be home with my cats
Be home with my kids

It was difficult
It's inevitable
Certain all my life
I'd find a way to just not talk about it

Andai kamu ada selamanya
Takkan siap hadapi harinya
Dan saat tiba waktuku juga
Kan ku panggil kau di atas sana

No I got no answer
I just can't decide
Tak punya jawaban
I just can't decide

Whether I (whether I)
Really care about making it big (really care about making it big)
Or I just wanna go home (or I just wanna go home)
Be home with my cats
Be home with my kids
Be home with my cats
Be home with my kids"
14,Bayangkan Jika Kita Tidak Menyerah,Hindia,Lagipula Hidup Akan Berakhir,2023,"Pernah kau bayangkan jika kita menikah
Selucu apa anak-anak karena ibunya manis sekali
Pernah kau bayangkan jika Abang dan Madu hidup selamanya
Menungguku pulang di tur kelima puluh nanti

Bayangkan jika kita tidak menyerah
Tantangan apa pun dari Ayah atau dunia
Kita hadapi kita lewati kita ikuti kita nikmati
Pemanasan global dan perbedaan agama
Kita hadapi kita lewati
Bayangkan jika kita tidak menyerah
Bayangkan jika kita tidak menyerah

Pernah kau bayangkan langit Jakarta cerah
Saat kau mendarat pulang pandanganmu tak tertutup polusi
Pernah kau bayangkan percaya dengan yang ada di Istana
Karena yang kita taruh di sana akhirnya memiliki hati

Pernah kau bayangkan tak takut melihat berita
Tak takut jadi dirimu yang seada-adanya
Tak takut punya mimpi yang lumayan agak gila
Berat tapi besok ada di tangan kita

Bayangkan jika kita tidak menyerah
Tantangan apa pun dari Ayah atau dunia
Kita hadapi kita lewati kita ikuti kita nikmati
Pemanasan global dan perbedaan agama
Kita hadapi kita lewati
Bayangkan jika kita tidak menyerah
Bayangkan jika kita tidak menyerah

Aku tahu kuhabiskan rekaman ini banyak mengeluh
Di penghujung album ini satu kesempatan kupakai untuk
Tersenyum tertawa berkhayal maka

Bayangkan jika kita tidak menyerah
Tantangan apa pun dari Ayah atau dunia
Kita hadapi kita lewati kita ikuti kita nikmati
Pemanasan global dan perbedaan agama
Kita hadapi kita lewati
Bayangkan jika kita tidak menyerah
Bayangkan jika kita tidak menyerah

Bayangkan jika kita tidak menyerah
Tantangan apa pun dari Ayah
Dari Bunda dari dunia dari mana hei maju semua
Uh
Bayangkan jika kita tidak menyerah
Bayangkan jika kita tidak menyerah"
15,Alexandra,Hindia,Lagipula Hidup Akan Berakhir,2023,"Sasa malam ini mau pergi ke mana
Masih bisakah kau dan teman-temanmu rayakan dunia
Tengah malam ini kan bertemu siapa
Bisakah Ia tersenyum menyikapi dunia
Maukah kalian memaafkan kami semua
Kami rampas berbagai hal yang bisa buatmu bahagia
Hm

Jalanmu berat seumur hidup
Semoga ada bara yang tersisa
Pun kata maaf jauh terlambat datang
Salahkan kami

Jika suatu saat kau jadi Ibu juga
Paman harap kau ajarkan Ia tuk merayakan dunia
Semoga Ia tak ulangi lalai kami semua
Bisakah tak kau rampas api itu dari dalam dirinya

Jalanmu berat seumur hidup
Semoga ada bara yang tersisa
Pun kata maaf jauh terlambat datang
Salahkan kami

Salahkan kami kami mengerti
Satu hal yang bisa kau tiru hanya perihal merusak diri
Berharap hal baik yang kau temui hari ini berarti
Saat kau dewasa nanti

Jalanmu berat seumur hidup
Semoga ada bara yang tersisa
Pun kata maaf jauh terlambat datang
Salahkan kami

Jalanmu berat seumur hidup
Semoga ada bara yang tersisa
Pun kata maaf jauh terlambat datang
Salahkan kami"
16,Tinggalkan Di Sana,Hindia,-,2019,"Menikmati Cipete yang sepi
Walau minim yang dapat dikunjungi
Tak hilang indahnya Senopati
Tanpa hiruk-pikuk muda-mudi

Karena masuk di notification
Langsung diklik dalam milisekon
Mumpung kredit belum kena plafon
Hari raya bukan tentang diskon

Huh huh

Semua orang pulang kerumah
Meninggalkan raksasa dikota
Dan warna langit mulai berubah
Jadi lebih biru dan ceria

Tersisa segelintir pejuang
Kali ini kami belum pulang
Mungkin karena sudah tak berkampung
Atau beda tuhan dan pelindung

Meleburlah dengan keluarga
Basa-basi yang basi biasa
Tahan-tahan lawan pertanyaan
Yang tak seharusnya ditanyakan

Tinggalkan pilihanmu disana
Kembali menjadi manusia
Yang waras menanggapi berita
Tak dipecah yang diatas sana

Tinggalkan pilihanmu disana
Kembali menjadi manusia
Yang mawas melihat isi kota
Dengan orang yang banyak ragamnya

Tinggalkan pilihanmu disana
Kembali menjadi manusia
Yang waras menanggapi berita
Tak dipecah yang diatas sana

Tinggalkan pilihanmu disana
Kembali menjadi manusia
Yang mawas melihat isi kota
Dengan orang yang banyak ragamnya

Huh huh huh huh huh huh"
17,Jam Makan Siang,Hindia,Menari Dengan Bayangan,2019,"Kita manusia
Mahluk mulia
Kita butuh uang
Untuk gali liang

Tentang angan-anganku
Di jam makan siang
Saat semua orang berjuang
Di ladang yang gersang
Terus merasa kurang
Haus yang mengiang
Siapa yang menang

Sosial media jual beli surga
Tak ada prospeknya
Tak ada uangnya
Tanah yang melangit
Bumi yang sakit
Cukup dirimu yang tau jalannya

Boleh berkarya asal hobi saja
Cita-cita cinta dipatah keluarga
Ketika norma peradatan
Terpilih sebagai alasan
Semua berkata
Mimpi sewajarnya

Tentang angan-anganku
Di jam makan siang
Saat semua orang berjuang
Di ladang yang gersang
Terus merasa kurang
Haus yang mengiang
Siapa yang menang

Ku di antara gemuruh ragu yang menggetarkan jiwa
Seorang manusia yang sedang memimpikan mimpinya
Di atas awan yang menderu
Melamun dia belum merasa saatnya terbangun
Sedang berlayar tinggi-tingginya
Di sini tempatku berlabuh
Jalan yang kutempuh dari dulu
Satu-satunya yang ku tau
Aku cuma bisa jadi aku
Hidup tak semudah membalik telapak tangan
Tak ada jalan singkat tuk menuai yang kau tanam
Sadari yang kau cari itu butuh dirancang
Kecuali dietmu hanya makanan instan

Tentang angan-anganku
Di jam makan siang
Saat semua orang berjuang
Di ladang yang gersang
Terus merasa kurang
Haus yang mengiang
Siapa yang menang

Kita manusia
Mahluk mulia
Kita butuh uang
Untuk gali liang

Kita manusia
Mahluk mulia
Kita butuh uang
Untuk gali liang"
18,Belum Tidur,Hindia,Menari Dengan Bayangan,2019,"Semua yang sirna kan kembali
Semua yang sirna kan terganti
Dan ku bertanya untuk apa
Angan yang belum dijawab juga
Amin paling serius (detik jam)
Simpul jari yang erat (sang gerilyawan)
Doa semakin berat (berdentang mengingatkan)
Rasakanlah (ciri pikiran)
Semua perasaanmu (khas pagi buta menyerang aku)

Malam ini (yang tegang)
Milikmu sendiri (terus-terusan)
Melayang dan masuk dalam tubuhmu (merebahlah sedikit badanmu katamu yang memahamiku)
Maunya juga menepi tapi banyak tapi banyak yang belum rapi ya meski masih berantakan
Kami sabar menunggu nyawamu kembali

Dan tidurlah dengan kecepatanmu (juga karya seni)
Saat siap menutup hari (belum tidur bukan lembur)
Dunia berhenti pukul tiga pagi (belum tidur bukan lembur bukan menunggu)
Kejutan

Selamat dan panjang umur
Menghentikan waktu di kamar ini (selamat dan panjang umur)
Selamat dan panjang umur
Selamat dan panjang umur

Sibuk mencerna riuh bukan di telinga ku sehat raga
Kau yang tahu tenggat diri sendiri
Lantas berisik di kepala

Kau yang tahu racun diri sendiri (datangnya dari mana)
Dunia berhenti pukul tiga pagi (datangnya dari mana)
Datangnya dari mana

Menghentikan waktu di kamar ini
Canggih tubuh kan mampu sembuhkan lukanya sendi
Kau yang tahu tenggat diri sendiri
Canggih tubuh kan mampu sembuhkan lukanya sendiri
Kau yang tahu racun diri sendiri"
19,Dehidrasi,Hindia,Menari Dengan Bayangan,2019,"Lihatlah kebunku
Penuh dengan ratusan pesan whatsapp menggebu
Selalu pura pura lupa
Membalas yang meminta

Berkarya cuma-cuma nihil m-BCA
Memaksa wawancara dengan pertanyaan yang Itu-itu saja
Dengan yang dulu yakin bahwa ku takkan bisa
Sekarang menyapa seakan sahabat lama
Yang membuat resah oh air yang keruh
Siram jauh tak usah kau sentuh

Lepaskan dirimu bersihkan tubuhmu
Dari racun yang mengalir di dalam darahmu
Lepaskan dirimu bersihkan lingkupmu
Dari racun yang bersuara tentang hidupmu

Oh hati-hati dalam memilih racunmu
Oh hati-hati dengan hati yang berduri
Oh dehidrasi mata air yang semu
Oh dehidrasi memaksa tanpa mengerti

Ku diminta bercerita
Ku meninggi sekarang berbeda
Katamu yang ramah katanya
Katamu yang dulu tak pernah ada

Lepaskan dirimu bersihkan tubuhmu
Dari racun yang mengalir di dalam darahmu
Lepaskan dirimu bersihkan lingkupmu
Dari racun yang bersuara tentang hidupmu

Oh hati-hati dalam memilih racunmu
Oh hati-hati dengan hati yang berduri
Oh dehidrasi mata air yang semu
Oh dehidrasi memaksa tanpa mengerti

Lepaskan dirimu bersihkan tubuhmu
Dari racun yang mengalir di dalam darahmu
Lepaskan dirimu bersihkan lingkupmu
Dari racun yang bersuara tentang hidupmu

Oh hati-hati dalam memilih racunmu
Oh hati-hati dengan hati yang berduri
Oh dehidrasi mata air yang semu
Oh dehidrasi memaksa tanpa mengerti"
20,Apapun Yang Terjadi,Hindia,Menari Dengan Bayangan,2019,"Alarm jam delapan pagi
Karna jam sepuluh kau isi absensi
Kau bangunkan aku stiap hari
Rute yang sama ulangi lagi
Makan malam bersama di Gancy
Hanya bersama di lima hari

Sering berpisah di akhir pekan
Kau dengan teman-teman
Aku bermain peran
Mulai mempertanyakan
Siapa yang salah benar

Dulu bersama berburu properti
Dulu antar jemput sekarang pulang sendiri
Di kehidupan kita singgah dan pergi
Apa pun yang terjadi kita abadi

Di masa lalu di dalam buku
Dalam sejarah kita masih indah
Walau parau perih di lagu yang lain
Di melodi ini bersyukur pernah terjadi

Taman yang luas seekor corgi
Kita beri nama Gimli
Kuantar jemput anak setiap pagi
Di kehidupan yang lain

Ukuran sepatumu pantangan dan dietmu
Masih berguna di masa lalu
Ukuran sepatumu pantangan dan dietmu
Masih berguna di masa lalu

Dulu bersama berburu properti
Dulu antar jemput sekarang pulang sendiri
Di kehidupan kita singgah dan pergi
Apa pun yang terjadi kita abadi

Di masa lalu
Di dalam buku
Dalam sejarah
Kita masih indah

Ukuran sepatumu pantangan dan dietmu
Masih berguna di masa lalu
Ukuran sepatumu pantangan dan dietmu
Masih berguna di masa lalu"
21,Besok Mungkin Kita Sampai,Hindia,Menari Dengan Bayangan,2019,"Luka silet di pipi
Sakitnya setengah mati
Kubawa bekasnya sampai mati
Setidaknya ku tak takut darah lagi

Mengikuti sepak bola
Dan transfer pemain di berita
Tapi masuk klub fotografi
Karena kaki tak hebat menari

Enggan masuk SMA
Hingga malam di Brawijaya
Menunggu pembebasan
Mereka tak paham yang kita wariskan

Stella bertemu pasangannya
Adrian ke Australia
Kawan-kawan pergi S2
Namun tujuanku belum tiba

Tak ada yang tahu
Kapan kau mencapai tuju
Dan percayalah bukan urusanmu untuk menjawab itu
Bersender pada waktu

Kuatkanlah dirimu
Atas pertanyaan yang memburu
Tentang masa depan pernikahan pendidikan pekerjaan keimanan

Selalu minta bertemu lagi
Namun hanya bersua di reuni
Nama-nama yang datang dan pergi
Kadang bagai maling di malam hari
Jangan takut melihat yang ambil cuti
Kapan-kapan semoga kau berani
Hidup bukan saling mendahului
Bermimpilah sendiri-sendiri

Tak ada yang tahu
Kapan kau mencapai tuju
Dan percayalah bukan urusanmu untuk menjawab itu
Katakan pada dirimu
Besok mungkin kita sampai
Besok mungkin tercapai

Tak ada yang tahu
Kapan kau mencapai tuju
Tak ada yang tahu
Selesainya peraduanmu
Dan percayalah bukan urusanmu untuk menjawab itu
Bersender pada waktu
Besok mungkin kita sampai
Besok mungkin tercapai
Besok mungkin kita sampai"
22,Setengah Tahun Ini,Hindia,-,2020,"Setengah tahun ini kita bertahan
Belajar bermaafan tanpa pertemuan
Setengah tahun ini memanggil Tuhan
Saat bisnis jeblok hilang penghasilan

Siapa sekarang yang tak tahu Wuhan
Siapa yang suka colongan berdekat-dekatan
Siapa yang mencibir video imagine
Yang dengar rock metal dan masih gak maafin

Sebagian kita dirundung murka
Panas melihat istana yang tidak transparan
Sebagian kita dirundung murka
Karena Omnibus McD Sarinah staf khusus

Dan semua hati diwabah duka
Bunga untuk para korban dan yang garda depan
Dan semua hati dirundung duka
Bung Glenn dan cinta dalamnya yang semua rasa

Siapa yang sangka siapa yang sangka
Enam bulan sekarang terasa selamanya
Siapa yang sangka siapa yang sangka
Kita ada di sini oh absurd rasanya
Absurd rasanya

Setengah tahun ini kuminta izin
Kurangi buka ponsel bahaya batin
Bersalah besar ke keluarga besar
Harus ikut stres karena ku mulut besar

Banyak omong tapi dari keluarga menengah
Banyak gonggong tapi anjing datang ku jengah
Banyak berkah banyak celah hidup mudah
Banyak tulah lahap menjilat ludah
I'm on the run again no one will find me
Put down the razor now do you want to end me
Kembali ke tanah tumbuh cemara lagi
Seenaknya beban tuk yang ditinggal mati

Beban tuk yang ditinggal mati
Kita bersama kali ini
Lewati setengah tahun lagi
Kita bersama kali ini
Jangan kau pamit lebih pagi
Kita bersama kali ini
Lewati setengah tahun lagi
Ku masih ingin melihatmu esok hari

Siapa yang sangka siapa yang sangka
Enam bulan sekarang terasa selamanya
Siapa yang sangka siapa yang sangka
Kita ada di sini oh absurd rasanya

Aku hanya butuh ketenangan
Semua yang sirna kan nanti terganti
Ku masih ingin melihatku esok hari
Menarilah dengan
Bayangan sendiri"
23,Hari Yang Baik Untuk Berbohong,Hindia,-,2021,"Beranjak dari kasur
Buru-buru mandi
Buka lemari baju
Mana saja hari ini

Bergegas beranjak pergi
Jangan terlambat lagi
Ini bukan di pagi hari
Sudah pukul dua siang

Entah mengapa malam tadi
Kesurupan atau alkohol
Pikiran atau hal tolol
Air mata lancar jalan tol

Tapi ada dua rapat sore in
Penonton menunggu dari pagi
Ajakan makan malam sudah janji
Tak mau ku rusak momen nya lagi

Hari yang baik untuk berbohong
Hari yang baik untuk tertawa
Hari yang baik tuk bahagia
Hari yang baik tuk cari uang

Rambut ku terlalu panjang
Berantakan menutup mata ku
Yang katanya terlalu lelah
Kita mahir-mahir menutup celah

Boleh kah tato kelihatan
Jangan buat tanda salib di kerumunan
Iklan-iklan yang dipaksakan
Katanya ku kurang senyum harus lebih fun

Hari yang baik untuk berbohong
Hari yang baik untuk tertawa
Hari yang baik tuk bahagia
Hari yang baik tuk cari uang

Hari yang baik untuk berbohong
Hari yang baik untuk tertawa
Hari yang baik tuk bahagia
Hari yang baik tuk cari uang"
24,Aku Rasa Kita Selamanya,Hindia,-,2022,"Aku rasa kita selamanya
Kita abadi menyala bersama
Peganganku saat tak ada yang nyata
Andalanku kawan kau slalu ada

Ingatkah saat kita bermalam habis
Atau saat ku linglung digantung habis
Saat kita bersama melihat matahari terbit di awal hari
Dari puncak tertinggi

Memoriku semua trisi penuh
Kau di situ slalu tak pernah jenuh
Maafkan aku jika sering mengeluh
Ku mau kau trus di sini
Temani aku lagi skarang dan sampai nanti

Aku rasa kita selamanya
Kita abadi menyala bersama
Peganganku saat tak ada yang nyata
Andalanku kawan kau slalu ada

Ingatkah saat kita terjebak total
Seakan cuaca simpan dendam fatal
Juga segala crita dan persoalan tiap bulan dan tanggal
Tanpamu akan janggal

Memoriku semua trisi penuh
Kau di situ slalu tak pernah jenuh
Maafkan aku jika sering mengeluh
Ku mau kau trus di sini
Temani aku lagi skarang dan sampai nanti

Skarang dan sampai nanti
Skarang dan sampai nanti
Skarang dan sampai nanti

Aku rasa kita selamanya
Kita abadi menyala bersama
Peganganku saat tak ada yang nyata
Andalanku kawan kau slalu ada

Aku rasa kita selamanya (kita selamanya)
Kita abadi menyala bersama (menyala bersama)
Peganganku saat tak ada yang nyata
Andalanku kawan kau slalu ada (kau selalu ada)"
25,Janji Palsu,Hindia,Lagipula Hidup Akan Berakhir,2023,"Sukses hanya dipinjamkan dan mungkin aku penyewa yang lihai
Hidup dalam angan-angan di dalam kepala sibuk bertikai
Cinta dan hal banal lain disobek bagaikan kain
Dijual sesuai berat dipakai untuk bermain
Semua tak terkecuali hingga nihil direduksi
Jadi produk nan terkini sekecil serbuk gergaji

Kata-kata kosong yang kerap kujual
Kali ini menuntut tumbal

Per hari ini kita semua mati rasa
Atas berbagai lirik berisi semesta
Yang berkata semua indah pada waktunya
Kau tahu hidup ini tak ada artinya

Dijual grosir oleh yang kanan dimaki habis di jaringan kiri
Dilepeh najis oleh yang mapan ditekan habis bak anak tiri

Batinku sebatas bahan
Guyon gelak tawa kalian
Imanku sebatas bahan
Makian peradaban bosan

Kurasa kau tak akan takut malam ini
Melihat namamu jadi target caci maki
Seringku berfantasi untuk bunuh diri
Agar kau merasa bersalah sampai mati

Per hari ini kita semua mati rasa
Atas berbagai lirik berisi semesta
Yang berkata semua indah pada waktunya
Kau tahu hidup ini tak ada artinya

Kau tahu ku tak minta dilahirkan juga
Ku tahu semua uang ini tak berasa
Ku tahu karir ini tak ada artinya
Kesuksesanku dipinjamkan sementara
Janji palsu dunia"
26,Matahari Tenggelam,Hindia,Lagipula Hidup Akan Berakhir,2023,"Semua yang kau cela
Semua yang kau bela
Hak suara ku kan kau anggap responsif
Menahan diri dianggap lemah

Semuanya tak nyata
Kau pun termakan juga
Batin lapar kau mudah digembala
Lihat sekarang engkau di mana

Oh jelas hal ini memang tak ada
Karena kau tak pernah merasakannya
Aman duduk manis hanya tertawa
Gagah dirimu di balik kaca

Hanya jika sampai ada karangan bunga
Aku akan berbela sungkawa
Dan apa kau dengar semalam di berita
Omong-omong ku kenal dia juga

Ku doakan kita semua masuk neraka
Panjang umur

Matahari tenggelam (matahari tenggelam)
Selamat datang malam (selamat datang malam)
Panjang umur (turut berduka)
Panjang umur (turut berduka)

Matahari tenggelam (matahari tenggelam)
Selamat datang malam (selamat datang malam)
Panjang umur (turut berduka)
Panjang umur (turut berduka)

Matahari tenggelam (matahari tenggelam)
Selamat datang malam (selamat datang malam)
Panjang umur (turut berduka)
Panjang umur (turut berduka)"
27,Satu Hari Lagi,Hindia,Lagipula Hidup Akan Berakhir,2023,"Lima juta lagi untuk botol minum keras
Tiga juta kosmetik dalam game terus ku kuras
Hanya segelintir uang yang terus keluar deras
Ku sekarang bernafas tanpa tujuan jelas

Karena tak ada lagi yang kucari di sini
Mimpi menjadi besar tak menggiurkan lagi
Anganku hanya sampai sejauh tanah sendiri
Hanya ingin mengeluh tak bisa bijak lagi

Jujur aku sangat beruntung
Selalu hidup cukup tak bisa lagi ku bernyanyi seakan ku
Mengerti dirimu hidupmu lukamu sakitmu
Mulai sekarang coba kau tanggung itu sendiri
Kadang ku merasa terlalu malas untuk berkarya
Kurang pantas diriku bergelimang harta
Sekali saja ku bicarakan tentang mental mu kawan
Tak setiap hari ku bisa peduli itu (oh kawan)

Tinggalkan aku di sini
Ku hanya mampu menyambung hidup hari per hari
Biarkan aku di sini

Hanya bisa berpikir tuk satu hari lagi
Aku hanya ingin muntah sekali lagi
Ingin makan kenyang sekali lagi

Jangan anggap aku tulang punggungmu
Sekali ku berhenti tamat hidupmu
Jangan beri aku target dagangmu
Aku bukan komoditas milikmu

Tinggalkan aku di sini
Ku hanya mampu menyambung hidup hari per hari
Biarkan aku di sini

Hanya bisa berpikir tuk satu hari lagi
Aku hanya ingin muntah sekali lagi
Ingin makan kenyang sekali lagi

Ingin menamatkan satu series lagi
Dan menangis keras sekali lagi

Dan menangis keras sekali lagi
Dan menangis keras sekali lagi"
28,Ibel,Hindia,Lagipula Hidup Akan Berakhir,2023,"Aku duduk manis di kamar
Sirene berkejaran di luar
Siapa lagi yang tak beruntung hari ini
Masih muda atau kena komplikasi

Aku duduk manis menulis
Lagu ini menunggu rilis
Sekolah dibuka lagi murid berbaris
Rasa bersalahku tak kunjung habis

Hidupku berlanjut
Dan malam ini teman-temanku tertawa
Termabuk di bar

Atas semua kesalahan kami kurang cepat buka suara
Atas semua kesalahan kami tak disiplin menutup mulut
Aku minta maaf
Aku minta maaf

Aku takut kau hilang ditelan waktu
Berharap kau bahagia di atas sana
Kau tata rambut semuanya di surga
Sekarang kau tata rambut semuanya di surga"
29,Siapa Yang Akan Datang Ke Pemakamanmu Nanti?,Hindia,Lagipula Hidup Akan Berakhir,2023,"Kau duduk kaku di tepi tempat tidur
Terdengar isak tangis hati keluargamu hancur
Bergegas kau ikuti konvoi ke liang lahat
Berkumpul di tempat terakhir beristirahat

Tanah terbuka dan bumi menganga
Melihatnya kau sadar uang hanya sementara
Lihat petimu dibalut duka dan lara
Dan beberapa berharap kau masuk neraka

Siapa yang akan datang ke pemakamanmu nanti
Siapa yang dalam diam berharap kau tuk cepat mati

Tetangga dan teman mana yang terpukul
Pasti hadir lihat peti dan tawarkan memilkul
Akankah kucing komplek mu sedih kau telah tiada
Cukup baik kah kau ke yang tidak punya kuasa
Selesai kah semua ikatan mu di dunia
Apa kalimat terakhir mu untuk yang kau cinta

Tanah terbuka dan bumi menganga
Melihatnya kau sadar hidup hanya sengsara
Lepas dari penjara fisik langit bergema
Sekarang namamu diuji kematian kedua
Oh hidup hanya sengsara

Siapa yang akan datang ke pemakamanmu nanti
Siapa yang dalam diam berharap kau tuk cepat mati

Siapa yang akan datang ke pemakamanmu nanti uh"
30,Selebrisik,Hindia,Lagipula Hidup Akan Berakhir,2023,"Aku adalah arsitek (no I'm just kidding that's Koil)
Aku tak peduli kalian better watch your back
Kalian bisa panggilku kaum intelek
Paling punya knowledge
Seleb rajin bersolek kuasai setiap aspek
Spec canggih high tech followers siap protect
Kuangkat derajatmu waktu engkau ku follback

Get it get it on
Kalian minum dari tong kosong
Walau suaraku fals kau tetap sing along
Selebriti jadi candu kau hisap pakai bong
Lalu kumabukkan kalian dengan statement bodong

Social media televisi
Arena bermainku untuk dapat komisi
Comment semua isu aku butuh validasi
Adiksi monetisasi lalu aku selebrasi

No matter how I do it you'll keep walking around
Trash talking but menina you're trying to hard
Cause I'll be saying to nem ai
Eu nao to nem ai (mas que porra mas que porra mas que porra)

Se ele soubesse esse
Ele mesmo e um lixo assim
Muito trashy
Then I'll be saying to nem ai
Eu nao to nem ai

Lebih baik tutup mulutmu
Karena ku sudah duluan menutup mulutku
Karena ilmu milikmu tidak pernah di situ
Pun aku mustahil selalu melek kau halu

Kamu hanya target pasar
Produk jualan korporasi jemput antar
Modal cerita sedih bisa main kasar
Narasi kesehatan mental menggelegar

Lebih baik tutup mulutmu karena ku sudah duluan menutup mulutku
Lebih baik tutup mulutmu karena ku sudah duluan menutup mulutku
Lebih baik tutup mulut lebih baik tutup mulutmu kututup mulutmu lebih baik
Lebih baik tutup mulutmu karena ku sudah duluan menutup mulutku"
31,"Kami Khawatir, Kawan",Hindia,Lagipula Hidup Akan Berakhir,2023,"Kali ini ke mana lagi
Kau ajak tas ranselmu pergi
Kami khawatir kawan
Sumpah sudah berapa kali
Kau bilang tak mungkin kembali
Kami khawatir kawan

Kau tahu kutahu
Betapa beracunnya benakmu
Bertahan melawan sumpah serapah di rumah
Kutahu kau tahu
Tak mudah membelah antah berantah
Berkali-kali kita ulangi

Ayo pulang kawan
Masuk dulu hujan

Kau menyerah sakit hati
Pasti lelah bertengkar lagi
Dengan ayahmu kawan
Percayalah dengar kami
Banyak yang rindu dan peduli
Kakakmu dan kawan-kawan

Pasti ada waktunya nanti
Kau bayar semuanya sendiri
Tapi tak sekarang kawan
Dan jikalau jengah kami mengerti
Namun jangan enggan dicari
Hampiri kawan-kawan

Kau tahu kutahu
Betapa beracunnya benakmu
Bertahan melawan sumpah serapah di rumah
Kutahu kau tahu
Tak mudah membelah antah berantah
Berkali-kali kita ulangi

Ayo pulang kawan
Masuk dulu hujan
Ada waktunya nanti
Kau bisa menjauh pergi
Namun belum kawan
Masuk dulu hujan

Ada caranya melepas diri
Waktu yang tepat untuk dirimu pergi
Namun tidak seperti ini
Namun jangan menghilang lagi kawan"
32,Iya... Sebentar,Hindia,Lagipula Hidup Akan Berakhir,2023,"Ayah pertanyakan keputusanku kontrak rumah
Seakan harga tanah semurah saat Ia belia
Bunda pertanyakan keputusanku tak menikah
Seakan biaya pendidikan semurah dahulu kala

Awan mempertanyakan minimku berolahraga
Sedikit lagi kiamat sehatku tidak berguna
Lalu kau pertanyakan apiku kini memudar
Iya sebentar ku perlu waktu untuk berbinar

Masih bisa kau haha-hihi di tengah pusara
Dunia sisa lara aku makan yang seadanya
Bulatkan hatiku sepenuhnya ikhlas berkarya
Masih saja iri diri dengan yang lebih ada

Iya sebentar beri aku waktu tuk mencerna
Nasib yang sial aku tak minta tuk dilahirkan
Aku mual perlahan semua menjadi banal
Aku menyerah melihat kotaku disfungsional

Iya sebentar beri aku waktu tuk berdiam
Dalam ketidakberdayaan melawan negara
Dalam ketidakberdayaan melawan dunia
Dalam ketidakberdayaanku melawan sukma

Iya sebentar beri aku waktu tuk berdiam
Dalam ketidakberdayaan melawan negara
Dalam ketidakberdayaan melawan dunia
Dalam ketidakberdayaanku melawan sukma

Iya sebentar beri aku waktu tuk berdiam
Dalam ketidakberdayaan melawan negara
Dalam ketidakberdayaan melawan dunia
Dalam ketidakberdayaanku melawan sukma"
33,Bunuh Idolamu,Hindia,Lagipula Hidup Akan Berakhir,2023,"Bunuh idolamu
Atau biarkan mereka hancurkan diri sendiri
Mau tak mau
Bertengkar mengejar hal yang hanya sekejap berarti

Kau nilai dirimu
Hanya dari banyak pekerjaanmu
Kau nilai dirimu
Dari nama-nama yang kau kenal
Kalian berdua sama saja

Oh sedikit banyak yang ku pikirkan
Tak pernah tega tuk ku ucapkan
Oh terlalu banyak ku sembunyikan
Karena kutahu jika ku menyanggah
Kau bilang aku egois dramatis oh
Aku yang salah

Ku tak mau tahu
Pertikaian yang lahir karena kau belum usai dengan dirimu
Berpura tak tahu
Tapi kupegang rahasia kalian semua satu per satu (satu per satu)

Ku tak mau tahu (tak mau tahu)
Setelah ini ku bernyanyi hal lain dan berlagak membisu
Sudah cukup sibuk
Menjaga hatiku di tengah dunia yang semakin berdebu

Oh sedikit banyak yang ku pikirkan
Tak pernah tega tuk ku ucapkan
Oh terlalu banyak ku sembunyikan
Aku makamkan

Jangan kau banyak bicara
Kau juga sama buruknya
Jari tengah untukmu kawan
Sana lanjut jual namaku

Aku sudah lelah mengalah
Aku yang pertama dirugikan
Aku tak mengerti keadaan
Aku yang egois dramatis apatis

Masih banyak yang kurasakan
Masih banyak hal yang kubenci
Bermodalkan kedua tangan
Kucekik kau di dalam mimpi

Terkadang ku sebut namamu
Oh Tuhan selamatkan aku
Benci ini sungguh mengganggu
Berkaca bunuh idolaku

Oh sedikit banyak yang ku pikirkan
Tak pernah tega tuk ku ucapkan
Oh terlalu banyak ku sembunyikan
Dalam doaku ku kunci diriku

Oh sedikit banyak yang ku pikirkan (ku pikirkan)
Tak pernah tega tuk ku ucapkan (ucapkan)
Oh terlalu banyak ku sembunyikan
Dalam doaku ku kunci diriku"
34,Forgot Password,Hindia,Lagipula Hidup Akan Berakhir,2023,"Ku yakin kau sama juga seperti aku benci butuh dunia maya
Segala hal baik ku doakan untukmu karena ku tahu rasanya
Buat salah di sana babak belur dicerca
Buat salah di sana sakiti yang kucinta

Aku tahu kau juga melihat aku buang jiwa di sana
Terbawa apa pun yang terlihat bebas lupa bawa logika
Buat salah di sana kematian jadi doa
Buat salah di sana nilaiku hilang sempurna

Dan semua pun sibuk menjebak terjebak
Menggonggong merintih mohon pertolongan dari
Diri sendiri
Dan aku sadari

Semua berisik ku berteriak
Semua berisik ku pilih diam
Aku membenci sepenuh hati
Aku menjadi hal yang ku benci"
35,Perkara Tubuh,Hindia,Lagipula Hidup Akan Berakhir,2023,"Aku tak nyaman dengan tubuhku
Habiskan dua jam berganti baju
Aku tak nyaman dengan kepalaku
Habis seumur hidup ditopang dagu

Aku tak nyaman dengan mataku
Tak terlihat hidup di bawah lampu
Aku tak nyaman dengan rambutku
Dengan tipe potongan apapun itu

Aku tak nyaman dengan diriku
Serta semua dari lahir begitu
Aku tak nyaman dengan diriku
Banyak yang jelas salah dalam hatiku

Aku tak nyaman dengan diriku
Hangus di dalam batin aku membiru
Aku tak nyaman dengan diriku
Hanya mulia dalam doa ibuku

Aku tak nyaman dengan mulutku
Sulit diajak sopan saat berguru
Aku tak nyaman dengan perutku
Tahan nafas terus sampai membeku

Aku tak nyaman dengan jariku
Menguning dengan jelas menghisap abu
Aku tak nyaman dengan pundakku
Dua nomor di atas ukuran baju

Aku tak nyaman dengan diriku
Serta semua dari lahir begitu
Aku tak nyaman dengan diriku
Banyak yang jelas salah dalam hatiku

Aku tak nyaman dengan diriku
Hangus di dalam batin aku membiru
Aku tak nyaman dengan diriku
Hanya mulia dalam doa ibuku

Aku tak nyaman dengan batinku
Terlalu sering ingin menutup buku
Aku tak nyaman dengan batinku
Perlahan menghancurkan dalam diriku

Aku tak nyaman dengan batinku
Percobaan bunuh diri di dalam saku
Aku tak nyaman dengan batinku
Kau juga kabari jika begitu"
36,Pesisir,Hindia,Lagipula Hidup Akan Berakhir,2023,"Komet melintas di atas kepala
Tak satupun kita menoleh
Semua sibuk hidupi diri
Lihat ke atas dambakan bulan
Lutut hanyut pinggang tenggelam
Semua sibuk hidup di mimpi

Harapanku menyelam
Kala langit menghitam
Dan pesisir bergumam
Dalam diam mengancam

Kencang kau menertawakan hujan
Di tengah gurun berapi
Cepat kau menertawakan hewan
Di dalam hilang empati
Cendekia kau anggap jenaka
Durhaka kau di hadapan data
Yang kau bangun sekarang semua fana
Kau sibuk hidup di mimpi

Harapanku menyelam
Kala langit menghitam
Dan pesisir bergumam
Dalam diam mengancam

Harapanku tenggelam
Langit tertutup muram
Dan pesisir bergumam
Bersiap tuk menerkam

Bersiap tuk tenggelam
Bersiap tuk melebam
Sejauh ku berlari
Dosaku kan kembali

Konyol memikirkan masa depan
Esokmu masih dalam ancaman
Semua rancangan yang parau
Hanya mewariskan risau

Harapanku menyelam
Kala langit menghitam
Dan pesisir bergumam
Dalam diam mengancam

Harapanku tenggelam
Langit tertutup muram
Dan pesisir bergumam
Bersiap tuk menerkam
Bersiap tuk menerkam
Bersiap tuk menerkam

Bersiap tuk menerkam

Bersiap tuk menerkam
Bersiap tuk menerkam"
37,Masalah Masa Depan,Hindia,Lagipula Hidup Akan Berakhir,2023,"Ku tak cukup pintar tuk bicarakan uang
Ku tak cukup peka tuk bicarakan alam
Tak cukup bijak tuk bicarakan orang
Pikiranku bertandang jauh dari sekarang

Yang ku tahu besok hancur berantakan
Seperti kata orang pintar macam Gita Wirjawan
Dan ku tahu siapa untuk disalahkan
Masalah masa depan biar mereka bereskan

Berdiri di penghujung buku
Gemetar lututku tersisa ragu
Berlindung di belakang tawa
Di dalam hati tersisa ragu
Hari ini apa yang lucu
Jutaan cara tuk batin yang gagu
Berdiri di akhir dunia
Di minggu ini tersisa ragu

Lawan resesi modalku hanya pas-pasan
Lawan emisi pun aku hanya figuran
Tak cukup penting tuk bikin perubahan
Nasibku tak karuan tidak digenggam tangan

Yang ku tahu hadapi sambil berjalan
Seperti kata orang bijak yang paham kebatinan
Dan ku tahu siapa untuk disalahkan
Masalah masa depan aku punya peranan

Berdiri di penghujung buku
Gemetar lututku tersisa ragu
Berlindung di belakang tawa
Di dalam hati tersisa ragu
Hari ini apa yang lucu
Jutaan cara tuk batin yang gagu
Berdiri di akhir dunia
Di minggu ini tersisa ragu

Ke mana kah
Pelik esok hari kan bawaku pergi
Di antara
Berjuta nama aku hanya angka bukan sesiapa

Berdiri di penghujung buku
Gemetar lututku tersisa ragu
Berlindung di belakang tawa
Di dalam hati tersisa ragu
Hari ini apa yang lucu
Jutaan cara tuk batin yang gagu
Berdiri di akhir dunia
Di minggu ini tersisa ragu"
38,Jangan Jadi Pahlawan,Hindia,Lagipula Hidup Akan Berakhir,2023,"Banyak cobaan kita lalui bersama
Jadi bahan candaan
Banyak cobaan kita berbeda pandangan
Ku usahakan

Jangan jadi pahlawan

Biarkan ku coba memahami dunia dengan cara sendiri
Tak berarti ku akan membencimu aku hanya belajar berdiri

Karena begitulah hidup kita akan beranjak dewasa
Masing-masing (masing-masing)
Ku melihat lagi ke belakang dan bersyukur kau di sana
Tanpamu ku tak bisa

Jangan jadi pahlawan jangan larang ku pergi
Mungkin habis apiku di sini

Biarkan ku coba memahami dunia dengan cara sendiri
Tak berarti ku akan membencimu aku hanya belajar berdiri

Percuma sebetapa kau coba kakiku sudah setengah di luar
Hatiku yakin inilah jalan yang benar
Jika ku tak lakukan ini sekarang
Cepat atau lambat pasti terjadi itulah hidup
Kau beranjak dewasa

Biarkan ku coba memahami dunia dengan cara sendiri
Biarkan ku coba memahami dunia dengan cara sendiri
Oh tak berarti ku akan membencimu aku hanya belajar berdiri
Oh oh"
39,Bayangkan,Hindia,Lagipula Hidup Akan Berakhir,2023,"Pernah kau bayangkan jika kau tak menyerah
Hadir sepenuhnya untuk masalah yang sedang kau hadapi
Pernah kau bayangkan bagaimana jika kita selamanya
Di ujung hari catat kita berdua dalam sejarah

Bayangkan jika kita tidak menyerah
Bangun semua hal yang selalu kita lamunkan
Bagaimana pun kau jaga aku
Di mana aku kau pun di situ
Dalam tawa atau palung sedalam-dalamnya

Ku jaga kamu kau jaga aku
Bayangkan jika kita tidak menyerah
Bayangkan jika kita tidak menyerah"
40,Nabi Palsu,Hindia,Lagipula Hidup Akan Berakhir,2023,"Di sebuah kota pinggir Jakarta
Ada seorang anak belajar dansa
Dengan bayangannya dengan lukanya
Dibalut lagu sedikit pas-pasan

Dan tanpa disangka mimpinya jadi besar
Awalnya Ia dambakan ternyata merepotkan

Maka Ia berpesan pada dasarnya semua orang hipokrit
Percaya hanya pada dirimu bukan idolamu yang liriknya berbelit
Juga dengan mereka yang menjual air mata setiap menit
Atau dengan pelaku skena yang bagimu keren selangit

Banjir acara di Ibukota
Ada seorang pria belajar terbuka
Dengan dirinya perasaannya
Dibalut lagu masih pas-pasan
Dan tanpa diminta orang perdebatkannya
Tanpa titik tengah entah benci dan suka

Maka Ia berpesan pada dasarnya semua orang hipokrit
Percaya hanya pada dirimu bukan idolamu yang liriknya berbelit
Juga dengan mereka yang menjual air mata setiap menit
Atau dengan pelaku skena yang bagimu keren selangit

Mereka semua penipu percaya hanya pada dirimu
Mereka semua penipu dan mungkin aku juga begitu
Mereka semua penipu percaya hanya pada dirimu
Mereka semua penipu dan mungkin aku juga begitu

Maka Ia berpesan pada dasarnya semua orang hipokrit
Percaya hanya pada dirimu bukan idolamu yang liriknya berbelit
Juga dengan mereka yang menjual air mata setiap menit
Atau dengan pelaku skena yang bagimu keren selangit

Mereka semua penipu percaya hanya pada dirimu
Mereka semua penipu dan mungkin aku juga begitu
Mereka semua penipu percaya hanya pada dirimu
Mereka semua penipu dan mungkin aku juga begitu

Na na nabi palsu
Na na na na nabi palsu
Na na nabi palsu
Na na na na nabi palsu
Na na nabi palsu
Na na na na nabi palsu
Na na nabi palsu
Na na na na nabi palsu

Na na nabi palsu
Na na na na nabi palsu
Na na nabi palsu
Na na na na nabi palsu"
41,Rasakan Nikmatnya Hidup,Hindia,-,2023,"Yang kau dengar dalam hati
Biarlah bergema kali ini
Jangan kau redam dan
Yang kau tempa sejauh ini
Jangan kau anggap tak berguna
Hanya kau yang tahu

Semua pengorbananmu
Tuk hal yang kau cinta
Tanyakan pada dirimu

Sebetapa kau mau
Oh tuk mengubah hidupmu
Di tanganmu kuasa
Atas ceritamu sekarang juga
Besok atau hari ini
Kau yang pegang kendali
Di tanganmu kuasa
Atas ceritamu sekarang juga

Berbagai cobaan dan hal yang buat kau ragu
Jadikan percikan tuk menerpa tekadmu
Jalan hidupmu hanya milikmu sendiri
Rasakan nikmatnya hidupmu hari ini
Berbagai cobaan dan hal yang buat kau ragu
Jadikan percikan tuk menerpa tekadmu
Jalan hidupmu hanya milikmu sendiri
Rasakan nikmatnya hidupmu hari ini

Berbagai cobaan dan hal yang buat kau ragu
Jadikan percikan tuk menerpa tekadmu
Jalan hidupmu hanya milikmu sendiri
Rasakan nikmatnya hidupmu hari ini"
42,Setiap Waktu,Hindia,-,2024,"Aku tahu kau bingung
Memulai percakapan
Takut salah bicara
Lalu aku tersinggung

Aku tahu kau linglung
Gundah mencari jalan
Cairkan suasana
Diam sehening patung

Kau kehabisan kata
Karena nilai yang berbeda
Masalah yang pernah ada
Antara kita berdua

Pun begitu ku maafkanmu
Hingga seratus tahun lagi
Karena untukmu setiap waktu
Aku berusaha hatiku terbuka
Selebar-lebarnya

Aku tahu terkadang
Kau anggap ku masih kecil
Tak tahu apa-apa
Pongah tentang dunia

Aku tak ingin menang
Walau kita berseberang
Hanya ingin kau percaya
Aku bisa mencerna

Pun begitu ku maafkanmu
Hingga seratus tahun lagi
Karena untukmu setiap waktu
Aku berusaha

Tuk selalu memaafkanmu
Hingga seratus tahun lagi
Karena untukmu setiap waktu
Ku masih berdoa hatiku terbuka
Selebar-lebarnya
Ku masih berdoa hatiku terbuka

Ku tahu tak mudah
Aku berusaha
Melihat kehidupan dari pasang matamu
Yang berubah warna
Termakan usia
Ku temukan kebijaksanaan di dalamnya

Berjuang untukku dalam dunia yang berubah

Pun begitu kau maafkanku
Hingga seratus tahun lagi
Karena untukku setiap waktu
Engkau berusaha

Tuk selalu memaafkanku
Hingga seratus tahun lagi
Karena untukku setiap waktu
Kau masih berdoa

Pun begitu kau maafkanku
Hingga seratus tahun lagi
Karena untukku setiap waktu
Engkau berusaha

Tuk selalu memaafkanku
Hingga seratus tahun lagi
Karena untukku setiap waktu
Kau masih berdoa hatimu terbuka
Selebar-lebarnya
Kita berusaha"
43,perseverance (in the face of grief),Hindia,"Doves, '25 on Black Canvas",2025,"Kan ku terabas api neraka
Untuk bisa menatap matamu hari ini
Badai petir di atas kepala
Tapi Tuhan terima kasih tuk hari ini
Diselimuti gelap gulita
Tapi bangga lewati denganmu hari ini
Tuli mendengar maki dan cerca
Siap kulawan mereka untukmu hari ini

Kan ku terabas api neraka
Untuk bisa menatap matamu hari ini
Badai petir di atas kepala
Tapi Tuhan terima kasih tuk hari ini
Diselimuti gelap gulita
Tapi bangga lewati denganmu hari ini
Tuli mendengar maki dan cerca
Siap kulawan mereka untukmu hari ini

Mama said Son keep on believing
All the world's for you to achieve
Gotta ask and you shall receive
Perseverance in the face of grief

Mama said Son keep on believing
All the world's for you to achieve
Gotta ask and you shall receive
Perseverance in the face of grief

Mama said Son keep on believing
All the world's for you to achieve
Gotta ask and you shall receive
Perseverance in the face of grief

Mama said Son keep on believing
All the world's for you to achieve
Gotta ask and you shall receive
Perseverance in the face of grief"
44,hated in the Nation,Hindia,"Doves, '25 on Black Canvas",2025,"We don't talk about this back home
Lock me up if I talk about this back home
Mistreated some of us back home
Colonized what's left in the West back home

We sure play pretend back home
Picking scraps of what we used to call home
Cautious of how I use my phone
Fearful of how I set my tone

Can only sing these songs in English
I know my chances, yeah, so I'll take the piss
I don't have much time, let me finish
A little space for things to say
That got me

Oh, hated in the nation
I know I'll be
Oh, hated in the nation
The nation

We can't talk about this back home
Tiptoe when you talk about home
I know you get demonized back home
Full speed demolition back home

Can only sing these songs in English
Unless I wanna sleep with the fishes
Saudara sedarah menangis
A little space for things to say
That got me

Oh, hated in the nation
I know I'll be
Oh, hated in the nation
The nation

Oh, hated in the nation
I know I'll be
Oh, hated, hated, hated
Hated in the nation

Oh, hated in the nation
I know I'll be
Oh, hated in the nation
The nation

Oh, hated in the nation
I know I'll be
Oh, hated in the nation
The nation"
45,betty,Hindia,"Doves, '25 on Black Canvas",2025,"Today I hope that I get better
So I can love you more
So I can hear you more
Today I hope that I get better
Today I hope my heart gets stronger
Hmm

Today I hope my smile gets wider
So I can finally say
That I'm doing okay
Today I hope that you fly higher
Somehow I know that you'll be fine

Oh
Rebahlah tubuhmu
Pejamkan mata
Oh
Percayalah tubuhmu
Penuh cahaya

Today I realized through this song
That you were talking through me
Always been talking through me
Baby you were always our angel
Someday I hope seeing your picture
Won't be so painful

Today I hope that we had more time
So I could hug you more
So I could kiss you more
Today I'm here learning to let go
Somehow I know that you'll be fine
Mmm

Oh
Rebahlah tubuhmu
Pejamkan mata
Oh
Percayalah tubuhmu
Penuh cahaya

Oh
Tidurlah yang tenang
Aku beranjak
Oh
Semua makhluk berbahagia
Malaikat kecilku

Tidur yang tenang malaikatku
Jika
Bahagia
Yang kurasa
Hanya sementara
Akan
Kuhabiskan
Semua waktuku
Hanya bersamamu

Jika
Bahagia
Yang kurasa
Hanya sementara
Akan
Kuhabiskan
Semua waktuku
Hanya bersamamu"
46,a feeling,Hindia,"Doves, '25 on Black Canvas",2025,"Don't know what to do with this song
I just know that I got a feeling
A foreign city and I'm all alone
All I got is this certain feeling

Did I take this away from home?
Don't know how to describe this feeling
Tried everything just to overcome
This exact particular feeling

Don't know what to do with this song
I just know that I got a feeling
A foreign city and I'm all alone
All I got is this certain feeling

Did I take this away from home?
Don't know how to, to describe, this feeling
Tried everything just to overcome (Overcome)
This exact particular feeling

Somebody help
I think I might just drown
Deep inside, pull me out
I haven't got enough sleep
I guess, I found the key to my success
I confess that I'm rambling, a mess
This is me at my best

I think this is me at my best
When I'm overwhelmed by a feeling
Then that's me at my best
I'm a big bowl of chaos
I choke the world when I cry
I think that's when I'm at my best (My best, my best, my best)

Doves flying up in the air
Just a bit outside my reach
Sing for me your gift of freedom
Don't wanna be like this anymore (Anymore)
I guess I'm nothing at my best
I guess I'm nothing at my best

Cukupkanlah ikatanmu
Relakanlah yang tak seharusnya untukmu
Cukup sudah yang lalu-lalu
Kugunakan lukaku 'tuk menggenggam dunia"
47,semua lagu cinta terdengar sama,Hindia,"Doves, '25 on Black Canvas",2025,"Di seluruh tempat di seluruh dunia
Dimanapun lagu cinta ini terputar
Aku bergeleng kecil dan tersenyum tipis
Andai lagu ini tertulis olehku

Direkam yang manis diisi bombastis
Ditujukan secara spesifik untukmu
Tentang hal-hal yang hanya kita berdua tahu
Karena semua lagu cinta terdengar sama
Ha ha ha ha ha ha ha

Semua membosankan semua menjemukan
Tak ada yang bisa gambarkan parasmu
Secara sempurna maka kan kucoba
Karena semua yang lain terdengar sama
Terdengar sama

Semua membosankan semua menjemukan
Tak ada yang bisa gambarkan parasmu oh oh
Secara sempurna maka kan kucoba
Karena semua yang lain terdengar sama

Di seluruh tempat di seluruh dunia
Di mana pun lagu cinta ini terputar (terdengar sama)
Ada film di kepalaku yang kuputar
Adegan romantis pemerannya kamu

Di seluruh tempat di seluruh dunia
Di mana pun lagu cinta ini terputar
Ada film di kepalaku yang kuputar
Adegan romantis pemerannya kamu

Semua membosankan semua menjemukan
Tak ada yang bisa gambarkan parasmu
Secara sempurna maka kan kucoba
Karena semua yang lain terdengar sama

Terdengar sama
Terdengar sama
Terdengar sama"
48,the world is ending all over again,Hindia,"Doves, '25 on Black Canvas",2025,"Matikan ponselmu
Berita selalu sama saja
Matikan hatimu
Tak perlu kau bela penguasa

The world is ending all over again
Oh well I don't care pick me up at ten

Buang simpatimu
Kau pun sedang lewati bencana
Makin tak berdaya
Ah ah-ah-ah-ah-ah
Makin terbiasa

The world is ending all over again
Oh well I don't care pick me up at ten
Ku tak peduli
The world is ending all over again
The world is ending all over again
Oh well I don't care pick me up at ten

Ku tak peduli
Right now I'm used to all this fading pain"
49,letdown,Hindia,"Doves, '25 on Black Canvas",2025,"Dua dekade
Ratusan janji yang tak selesai
Taman bermain
Yang berkarat dan terbengkalai
Jadi saksi generasi yang dipaksa tumbuh dewasa
Direnggut masa mudanya
Dijajah pelayannya

Apakah kita memang terpaksa harus berdamai
Bahwa semua
Mimpi bersama takkan tercapai
Atau sebaliknya
Lihat pagar yang tak terbuka
Jadi bunga di tirai besi
Berjuang dan tak henti di sini

Oh
Pray that I still have it in me
Bunga di tirai besi mengakar berlipat kali
Oh
Pray that I still
Pray that I still have it in me

You and me both
We want the same thing
Riding on danger
Oh like it's nothing
We know it won't end well
We'll keep on singing
Keep holding on
Bring on the letdown

You and me both
We want the same thing
Riding on danger
Oh like it's nothing
We know it won't end well
We'll keep on singing
Keep holding on
Bring on the letdown

Ku tak terima
Jika kita yang harus mengalah
Beranjak pergi
Di tanah ibu aku terjajah
Atau sebaliknya
Tegap kencangkan kuda-kuda
Tuang semen di mata kaki
Berjuang dan tak henti di sini

Oh
Pray that I still have it in me
Bunga di tirai besi mengakar berlipat kali
Oh
Pray that I still
Pray that I still have it in me

You and me both
We want the same thing (we want the same thing)
Riding on danger
Oh like it's nothing (oh, like it's nothing)
We know it won't end well
We'll keep on singing
Keep holding on
Bring on the letdown

You and me both (you and me both)
We want the same thing (we want the same thing)
Riding on danger
Oh like it's nothing (like it was nothing)
We know it won't end well
We'll keep on singing
Keep holding on
Bring on the letdown

We get high from the letdown
We get high from the letdown
We get high from the letdown
We get high from the letdown

We get high from the letdown
We get high from the letdown
We get high from the letdown
We get high from the letdown"
50,anak itu belum pulang,Hindia,"Doves, '25 on Black Canvas",2025,"Suatu hari aku melihat
Payung hitam berbaris rapat
Di televisi suatu pagi
Sebelum gegas berangkat sekolah

Suatu hari aku tercekat
Pertama kali aku mengerti
Alasan hadir puluhan orang
Baju gelap nol titik terang

Suatu hari aku bertanya
Apa belum selesai juga
Di layar ponsel di kantin kampus
Mendekati hari ku lulus

Di hari ini aku bertanya
Apa rasanya bagi mereka
Mengirim surat untuk siapa
Domba mohon ke serigala

Anak itu belum pulang
Yang di seberang belum pulang
Anak itu belum pulang
Yang di seberang belum pulang

Satu jamuan
Tanpa jawaban
Siapa yang dalam diam benar tahu
Siapa yang dalam hati berseteru
Siapa yang suatu hari kan mengaku

Anak itu belum pulang
Yang di seberang belum pulang
Anak itu belum pulang
Yang di seberang belum pulang (anak itu belum pulang)

Aku bantu semampuku
Merawat cerita di dalam kepalaku
Kamu bantu semampumu
Menebar cerita jauh ke penjuru

Anak itu belum pulang
Anak itu belum pulang (yang di seberang belum pulang)
Anak itu belum pulang (anak itu belum pulang)
Yang di seberang belum pulang"
51,harga satu pil,Hindia,"Doves, '25 on Black Canvas",2025,"Berapa harga satu pil
Berapa banyak yang kau dapat sebelum
Semua disita jadi barang bukti
Berapa harga tebusan
Berapa banyak dari kami yang enggan
Karena kau lakukan ini berulang kali

Lalu ku berkaca tanyakan pada diriku

Berapa harga empati
Berapa banyak dari kami yang sadar kau lakukan ini
Kar'na sesuatu
Di keluargamu di masa lalu
Aku tak tahu
Berapa harga empati
Berapa besar ruang hatiku yang sadar hidupmu
Tak seberuntung diriku
Semoga aku menapak tanah aku tak tahu

Berapa harga dua manusia
Berapa besar tekanan batin dari kedua belah pihak
Orang tua
Hmm
Berapa harga sila ketiga
Terakhir kudengar hanya berlaku tuk mereka yang
Tak menyukai sesama oh oh oh oh

Berapa harga empati
Berapa banyak dari kami yang sadar kau lakukan ini
Dari dalam hati
Tak terbayangkan besar bebanmu aku tak tahu
Berapa harga empati (berapa harga empati)
Berapa besar ruang hatiku yang sadar hidupmu
Tak seberuntung diriku
Semoga aku menapak tanah aku tak tahu (aku tahu)

Aku tak tahu (aku tahu)
Aku tak tahu (aku tahu)
Aku tak tahu

Semoga aku menapak tanah aku tak tahu"
52,YAAYO,Hindia,"Doves, '25 on Black Canvas",2025,"Aku membenci
Aku menghakimi
Setengah mati
Tapi saat ini
Aku tak tahu
Apa kau mau bicara serius?
Tentang bagaimana instrumen negara bunuh anaknya

You just want some fries
Would you like some tea?
Give you ABC
You don't want none of my activist shit
So give me three minutes
I'm gonna crank you out another hit
'Cause last time I heard you just wanna dance

With me
If you just wanna dance
With me
Ya, ayo
You just wanna dance
With me
If you just wanna dance
With me
Ya, ayo

Jika kau ingin lupa sebentar keadaan yang sukar
Tanah air yang pudar, hukum yang kian memelar
Dance
With me
If you wanna dance
With me
If you wanna
Bounce

Blazing in the fray
Throw your hands away
Count me in
Ingin mati rasa
Apa kau bisa tetap berdansa jika terselip ku bicara tentang
Papua
Kanjuruhan

If you're not comfortable then just scroll up
If you're not comfortable then go fuck yourself
If you're not comfortable then you know you just wanna dance

With me
If you just wanna dance
With me
Ya, ayo
You just wanna dance (Dance)
With me
If you just wanna dance (Dance)
With me
Ya, ayo

Jika kau ingin lupa sebentar keadaan yang sukar
Tanah air yang pudar, hukum yang kian memelar
Dance (Dance)
With me
If you wanna dance
With me
Ya, ayo
If you wanna
Ya, ayo"
53,loved by You,Hindia,"Doves, '25 on Black Canvas",2025,"Mencintai itu susah
Gua lahir sendiri, ada ibu ada bapak yang mencintai
Tapi enggak selalu
Kadang satu ada yang enggak tahu ke mana, dua-duanya enggak tahu ke mana
Makin gede ada om gua
Terus ada tante gua yang ngurusin gue dari kecil
Tapi di minggu yang sama mereka pergi duluan
Dan akhirnya hilang lagi
Mencintai itu susah
Apalagi diri sendiri
Kalau gua enggak sayang sama diri gue sendiri
Gimana caranya orang lain bisa sayang?

It’s been a year since my last therapy
If I’m being honest I’ve been looking for signs to come back
It’s been three years since I moved closer to the city
If I’m being honest I’ve been looking for signs to go back

I’ve been so fast to judge that I’m sick
I’ve been so fast to judge that I’m hated
I’ve been thinking maybe your attention’s just a trick
Some twisted game that would come to bite me much later
Most days it seems impossible for me to get better
Most days it seems impossible for me to remember
That you would be there to catch me when I fall, that I have you that would answer when I call
Today I started to count all my blessings, today I realized that I’ve been"
54,No One Will Find Me,Hindia,-,2018,"I'm on the run again
Threats all around me
I’m on the run again
Aku bersaksi

Atas padi milik rakyat di Wonogiri
My people our church under siege another city

Mom's on the phone again
Dek jaga diri
Media interview again
Kristenisasi

Stranger in my own land
Pariah for the Godsend
Taboo for my own fans
See me with your sixth sense

'Cause no one will find me
They can try rat me out and locate me
But no one will find me
Sniff me out where I lay GPS me
Yet no one will find me
Track me down Cerebro can’t afford me
But no one will find me
But no one will find

'Cause no one will find me
They can try rat me out and locate me
But no one will find me
Sniff me out where I lay GPS me
Yet no one will find me
I'm a ghost don't look at me
I am lost never find me
Yeah leave me here where I should be

Back on the track again
No one will miss me
They'll heed my words again
Come close come for me

Crown made out of thorns again
Body on the cross again
Dark Knight rises Mr. Wayne
Messiah Wordfangs born again

Rodents on the run again
Well they better be
Fire in the booth amen
Gotta confess my sins

When my deeds got done I know
Gotta reap what you sow
They'll be running back at me I know
By then I'll be long gone

And no one will find me
They can try rat me out and locate me
But no one will find me
Sniff me out where I lay GPS me
Yet no one will find me
Track me down Cerebro can't afford me
But no one will find me
But no one will find me

’Cause no one will find me
They can try rat me out and locate me
But no one will find me
Sniff me out where I lay GPS me
Yet no one will find me
I’m a ghost don't look at me
I am lost never find me
Yeah leave me here where I should be"