no,musisi,judul_lagu,lirik_lagu,label_emosi
1,Hindia,Evaluasi,"Bilas muka gosok gigi evaluasi
Tidur sejenak menemui esok pagi
Walau pedih ku bersamamu kali ini
Ku masih ingin melihatmu esok hari","Sedih, Cinta"
2,Hindia,Evaluasi,"Yang tak bisa terobati 
Biarlah Mengering sendiri 
Menghias tubuh dan",Sedih
3,Hindia,Evaluasi,"Yang mengevaluasi ragamu
Hanya kau sendiri
Mereka tak mampu",Sedih
4,Hindia,Evaluasi,"Melewati yang telah kau lewati 
Tiap berganti hari
Rintangan yang kau hadapi",Sedih
5,Hindia,Evaluasi,"Masalah yang mengeruh
Oh perasaan yang rapuh
Ini belum separuhnya 
Biasa saja kamu tak apa","Sedih, Takut"
6,Hindia,Evaluasi,"Yang selalu ingin ambil peran
Hanya berlomba menjadi lebih
Sedih dari dirimu muak dikesampingkan
Disamakan hatimu terluka sempurna","Sedih, Marah"
7,Hindia,Evaluasi,"Perjalanan yang jauh
Kau bangun untuk bertaruh
Hari belum selesai
Biasa saja kamu tak apa",Sedih
8,Hindia,everything u are,"Wajahmu ku ingat selalu lupakan
Hal-hal yang menggangguku
Karena hari ini mata kita beradu
Kita saling bantu melepas perasaan","Cinta, Sedih"
9,Hindia,everything u are,"Tinggi ke angkasa menantang dunia
Merayakan muda tuk satu jam saja
Kita hampir mati dan kau selamatkan aku
Dan ku menyelamatkanmu dan sekarang aku tahu","Senang, Cinta"
10,Hindia,everything u are,"Cerita kita tak jauh berbeda
Got beat down by the world sometimes I wanna fold
Namun suratmu kan ku ceritakan ke anak-anakku nanti
Bahwa aku pernah dicintai with everything u are
Fully as I am with everything u are","Cinta, Senang"
11,Hindia,everything u are,"Wajahmu yang beragam rupa pastikan
Ku tak sendirian
Jalani derita kau bawakan kisahmu
Aku mendengarkan oh kita bergantian","Cinta, Sedih"
12,Hindia,everything u are,"Bertukar nestapa menawar trauma
Datang seadanya terasku terbuka
Kita hampir mati dan kau sеlamatkan aku
Dan ku menyelamatkanmu dan sekarang aku tahu","Sedih, Cinta"
13,Hindia,everything u are,"Seada-adanya sekurang-kurangnya
Walau sulit utarakan hatiku dengan indah
Walau jarang ku bernyanyi dengan cara yang indah
Tapi tak sekali pun kisahku pernah kau bantah hu",Cinta
14,Hindia,Cincin,"Kau bermasalah jiwa aku pun rada gila
Jodoh akal-akalan neraka kita bersama
Kau langganan menangis lakimu muntah-muntah
Begitu terus sampai Iblis tobat dan sedekah","Cinta, Marah, Sedih"
15,Hindia,Cincin,"Terkadang rasanya leher terbakar hingga pagi
Seperti aku hidup berpasangan dengan api
Berhenti ulangi psikolog dan terapi
Aku isi bensin kita coba lagi","Sedih, Marah, Cinta"
16,Hindia,Cincin,"Tapi sbelumnya sejuta sayang untukmu cinta
Karna aku pun bola panas juga kadang lebih atau sama parahnya
Dan jika bicara tentang masa depan aku pun bingung tak punya tebakan
Lagu cinta untuk akhir dunia lihat kami nyanyikan ini bersama","Cinta, Sedih"
17,Hindia,Cincin,"Smoga hidup kita trus begini-gini saja
Walau sungai meluap dan kurs tak masuk logika
Smoga kita mencintai apa adanya
Walau katanya skarang ku bisa masuk penjara","Cinta, Sedih"
18,Hindia,Cincin,"Satu per satu hari per hari
Yang menyakiti benahi lagi
Perihal esok tuk nanti dulu
Perihal cincin kucari waktu","Sedih, Cinta"
19,Hindia,Cincin,"Persetan kata siapa mau bilang apa tak guna
Mreka hanya tahu namamu mreka takkan jadi diriku
Persetan aturan cinta tak tertulis di atas batu
Apa kau ingin menjadi benar atau ingin menjadi muda
Lagu cinta untuk akhir dunia
Sekarang bantu aku nyanyikan ini bersama","Marah, Cinta"
20,Hindia,Rumah Ke Rumah,"Menyesal tak kusampaikan
Cinta monyetku ke Kanya dan Rebecca
Apa kabar kalian di sana
Semoga hidup baik-baik saja
Tak belajar terkena getahnya
Saat bersama Thanya dan Saphira
Kupercaya mungkin bukan jalannya
Namun kalian banyak salah juga
Jika dahulu ku tak cepat berubah
Ini maafku untukmu Sharfina
Segala doa yang baik adanya
Untukmu dan mimpimu yang mulia","Sedih, Cinta"
21,Hindia,Rumah Ke Rumah,"Pindah berkala rumah ke rumah
Berharap bisa berujung indah
Walau akhirnya harus berpisah
Trima kasih karna ku tak mudah
Pindah berkala rumah ke rumah
Berharap bisa berujung indah
Walau akhirnya harus berpisah
Trima kasih karna ku tak mudah","Sedih, Cinta"
22,Hindia,Rumah Ke Rumah,"Maaf jika ku sering buat susah
Indisya Panda Anggra Caca Sismita
Prempuan terkuat dalam hidupku
Terjanglah apa pun yang kalian tuju
Kau datang saat gelapku merekah
Seluruh hatiku untukmu Meidiana
Kau pantas dapatkan yang baik di dunia
Smoga kita bertahan lama","Cinta, Sedih"
23,Hindia,Rumah Ke Rumah,"Mengambil pelajaran jika berpisah
Jikalau suatu saat berujung indah
Catat nama kita dalam sejarah","Sedih, Cinta"
24,Hindia,Rumah Ke Rumah,"Letih mengembara rumah ke rumah
Kadang ku lupa akanmu Amalia
Siap sedia tiap ku bercerita
Ku beruntung jadi anakmu Bunda","Sedih, Cinta"
25,Hindia,Rumah Ke Rumah,"Selalu pada dirimu aku berserah
Jika aku disebut dalam sejarah
Mreka takkan lupa karna siapa",Cinta
26,Hindia,Secukupnya,"Kapan terakhir kali kamu dapat tertidur tenang (renggang)
Tak perlu memikirkan tentang apa yang akan datang di esok hari
Tubuh yang berpatah hati bergantung pada gaji
Berlomba jadi asri mengais validasi","Sedih, Takut"
27,Hindia,Secukupnya,"Dan aku pun terhadir
Seakan paling mahir
Menenangkan dirimu
Yang merasa terpinggirkan dunia
Tak pernah adil",Sedih
28,Hindia,Secukupnya,"Kita semua gagal
Angkat minumanmu
Bersedih bersama-sama
Ah ah ah ah
Sia-sia pada akhirnya
Putus asa terekam pedih semua
Masalahnya lebih dari yang secukupnya",Sedih
29,Hindia,Secukupnya,"Rekam gambar dirimu yang terabadikan bertahun silam
Putra putri sakit hati Ayah Ibu sendiri
Komitmen lama mati hubungan yang menyepi",Sedih
30,Hindia,Secukupnya,"Wisata masa lalu
Kau hanya merindu
Mencari pelarian
Dari pengabdian yang terbakar sirna
Mengapur berdebu",Sedih
31,Hindia,Secukupnya,"Secukupnya kan masih ada
Penggantinya belum waktunya kau bisa
Menjawabnya ah ah ah ah ah secukupnya",Sedih
32,Hindia,Secukupnya,"Semua yang sirna kan kembali lagi
Semua yang sirna kan nanti berganti",Sedih
33,Hindia,Kita Ke Sana,"Rayakan hari ini
Besok sisa sengsara
Belum pulan kau pun di sini
Temani diriku","Senang, Sedih"
34,Hindia,Kita Ke Sana,"Kita bersandiwara
Bicara tak semestinya
Walau kita tahu nyatanya
Semua tak baik saja",Sedih
35,Hindia,Kita Ke Sana,"Ada masanya kita
Mencuri ruang dan waktu
Walau pasti berlalu
Biarkan saja kita ke sana
Selagi masih bisa bersama","Senang, Sedih, Cinta"
36,Hindia,Kita Ke Sana,"Semuanya sementara
Kita di ujung cerita
Untuk lima menit coba kau
Mengambil alih dunia",Sedih
37,Hindia,Kita Ke Sana,"Selama-lamanya (selama-lamanya)
Selagi masih bisa bersama
Bersama oh
Bersama
Bersama oh oh","Cinta, Senang"
38,Hindia,Membasuh,"Selama ini
Ku menanti
Yang kuberikan
Datang berbalik",Sedih
39,Hindia,Membasuh,"Tak kunjung pulang
Apapun yang terbilang
Di daftar pamrihku seorang",Sedih
40,Hindia,Membasuh,"Telat kusadar
Hidup bukanlah
Perihal mengambil yang kau tebar
Sedikit air yang kupunya
Milikmu juga bersama","Sedih, Cinta"
41,Hindia,Membasuh,"Bisakah kita tetap memberi walau tak suci
Bisakah terus mengobati walau membiru
Cukup besar tuk mengampuni tuk mengasihi
Tanpa memperhitungkan masa yang lalu
Walau kering bisakah kita tetap membasuh","Cinta, Sedih"
42,Hindia,Membasuh,"Mengering sumurku terisi kembali
Kutemukan makna hidupku disini","Senang, Cinta"
43,Hindia,Membasuh,"Kita bergerak dan bersuara
Berjalan jauh tumbuh bersama
Sempatkan pulang ke beranda
Tuk mencatat hidup dan harganya","Senang, Cinta"
44,Hindia,"Berdansalah, Karir Ini Tak Ada Artinya","Besok coba kau izin pulang cepat
Bilang saja siapa sedang sakit
Lusa coba izin terlambat
Bilang saja kau celaka sedikit",Sedih
45,Hindia,"Berdansalah, Karir Ini Tak Ada Artinya","Habiskan cutimu sebelum usai
I know you're scared but it's totally fine
Karena kau bukan mesin assembly line
Lihat promo liburan babe that's a sign",Senang
46,Hindia,"Berdansalah, Karir Ini Tak Ada Artinya","Oh karena ku tahu
Kalimat itu ada di ujung mulutmu
Oh karena kau tahu
Tak mau lakukan itu seumur hidupmu",Sedih
47,Hindia,"Berdansalah, Karir Ini Tak Ada Artinya","Lakukan apa yang kau mau sekarang
Saat hatimu bergerak jangan kau larang
Hidup ini tak ada artinya
Maka kau bebas mengarang maknanya seorang
Lakukan apa yang kau mau sekarang
Saat hatimu bergerak jangan kau larang
Lagipula hidup akan berakhir
Maka lakukan apa yang kau mau sekarang",Senang
48,Hindia,"Berdansalah, Karir Ini Tak Ada Artinya","Berdansalah kau raja dunia
Karir ini tak ada artinya
Berdansalah kau ratu dunia
Hidup ini tak ada artinya",Senang
49,Hindia,"Berdansalah, Karir Ini Tak Ada Artinya","Besok coba kau berbohong sedikit (sedikit)
Lalu kau melupa saat diungkit (ungkit)
Bisa juga kau jujur saja (jujur saja)
Separahnya kau akan makin lega",Senang
50,Hindia,"Berdansalah, Karir Ini Tak Ada Artinya","Oh karena ku tahu (tahu)
Kalimat itu ada di ujung mulutmu
Oh karena kau tahu
Utamakanlah dirimu di sisa hidupmu",Senang
51,Hindia,Ramai Sepi Bersama,"Seberapa jauh dari sini
Tembok-tembok ini tak berarti
Asal kulihat senyummu hari ini
Mendengar keluhmu malam nanti","Cinta, Senang"
52,Hindia,Ramai Sepi Bersama,"Saat semua tak jelas arahnya
Kita hanya punya bersama
Lewati curam terjalnya dunia
Ramai sepi ini milik bersama
Ramai sepi ini milik bersama
Kita sama-sama takkan ke mana
Selama kau ada aku tak apa
Apa pun yang terjadi tidak apa","Cinta, Sedih"
53,Hindia,Ramai Sepi Bersama,"Melihat tawa tangis dan isak
Mendengar kabar berbagai macamnya
Kali ini kita belajar banyak
Yang runtuh kita ulangi nantinya","Sedih, Senang"
54,Hindia,Ramai Sepi Bersama,"Saat terasa berat-beratnya
Kutahu kau pun berjuang juga
Hadapi semuanya langsung di muka
Apa pun yang terjadi tidak apa","Sedih, Senang"
55,Hindia,Ramai Sepi Bersama,"Setiap hari ku bersyukur
Melihatmu
Berselimut harapan
Berbekal cerita","Senang, Cinta"
56,Hindia,Untuk Apa / Untuk Apa?,"Rumah ini dahulu sederhana
Ruang demi ruang dibangun bersama
Angan-angan yang dulu mimpi belaka
Kita gapai segala yang tak disangka","Senang, Cinta"
57,Hindia,Untuk Apa / Untuk Apa?,"Tak sadar menimbun lebih berharga
Berdiri di atas yang lebih bermakna
Anak tangga yang berlebihan jumlahnya
Mendaki terus entah mau ke mana",Sedih
58,Hindia,Untuk Apa / Untuk Apa?,"Dan kau selalu bertanya untuk apa
Mengelak kerap kutemukan jawabnya
Medusa dan semakin keras kepala
Seakan hidup hanya untuk bekerja","Sedih, Marah"
59,Hindia,Untuk Apa / Untuk Apa?,"Mengejar mimpi sampai tak punya rasa
Mengejar mimpi sampai lupa keluarga
Mengejar mimpi lupa dunia nyata
Mengejar mimpi tapi tidak bersama","Sedih, Marah"
60,Hindia,Untuk Apa / Untuk Apa?,"Padahal katanya uang takkan kemana
Jika memang rezeki ya kan ditransfer juga
Namun dikejar terus seakan satwa langka
Diprosesnya melintah lupa jadi manusia","Marah, Sedih"
61,Hindia,Untuk Apa / Untuk Apa?,"Melihat hawa jadi panas lupa cuaca
Tertiup angin buah jatuh digigit juga
Seakan perlu banyak seperti Dewa Siwa
Padahal manusia hanya bertangan dua","Marah, Sedih"
62,Hindia,Untuk Apa / Untuk Apa?,"Kasur yang luas tapi bangun sendiri
Mobil baru mengkilap tanpa penumpang di kiri
Banyak sepatu minim privasi susah pergi
PS4 nintendo switch tanpa player dua","Sedih, Cinta"
63,Hindia,Untuk Apa / Untuk Apa?,"Dan dahulu kau bertanya untuk apa
Lalu kuperhatikan ini semua
Barang mahal yang tidak ada harganya
Dan sekarang kubertanya untuk apa",Sedih
64,Hindia,Untuk Apa / Untuk Apa?,"Terlepas apa yang engkau percayai
Tetap takkan ada yang dibawa mati
Kembali ke tanah dan tumbuh cemara
Mana saja harta yang lebih berharga",Sedih
65,Hindia,Untuk Apa / Untuk Apa?,"Menimbun surga yang tak bisa dibagi
Akhirnya pun wafat sendiri-sendiri",Sedih
66,Hindia,Untuk Apa / Untuk Apa?,"Mengangkat ikat rambutmu yang tertinggal
Di lengan kiri mobilku terakhir kita menonton
Jariku tak juga kuat sungguh janggal
Lebih berat dari seribu ton","Sedih, Cinta"
67,Hindia,Untuk Apa / Untuk Apa?,"Satu dari ribuan hal kecil
Yang sekarang menjadi terampil
Menggosok garam di atas luka
Dulu tak ada apa-apanya",Sedih
68,Hindia,Untuk Apa / Untuk Apa?,"Rute pagi yang dahulu ceria
Menu favorit kini hambar rasanya
Foto yang tak berani dilirik mata
Kontak sekarang jadi sebatas nama","Sedih, Cinta"
69,Hindia,Untuk Apa / Untuk Apa?,"Masing-masing selamat dan bercerita
Namun tidak lagi miliki bersama
Cepat namun sendiri untuk apa
Bersama tapi meracuni untuk apa",Sedih
70,Hindia,Untuk Apa / Untuk Apa?,"Cepat namun sendiri untuk apa
Bersama tapi meracuni untuk apa",Sedih
71,Hindia,Mata Air,"Menghabiskan gaji untuk diriku sendiri
Membeli satu tiket film terkini
Memesan yang cukup hanya untuk satu porsi
Menyanyikan Kunto Aji di tengah muda-mudi","Sedih, Senang"
72,Hindia,Mata Air,"Semua jatuh bangunmu hal yang biasa
Angan dan pertanyaan waktu yang menjawabnya
Berikan tenggat waktu bersedih lah secukupnya
Rayakan perasaanmu sebagai manusia","Sedih, Senang"
73,Hindia,Mata Air,"Jika kau pernah tersakiti angkat tangan
Jika kau pernah menyakiti angkat tangan
Jika kau pernah bahagia angkat tangan
Jika kau pernah kecewa angkat tangan","Senang, Sedih"
74,Hindia,Mata Air,"Hidup bukan untuk saling mendahului
Bayangan yang diciptakan oleh mentari
Ada karena matahari bermaksud terpuji
Untukmu cintai diri sendiri hari ini","Senang, Cinta"
75,Hindia,Mata Air,"Mata airmu ada di sini
Mata airmu diri sendiri
Temukan makna hidupmu sendiri
Menarilah dengan bayangan diri sendiri","Senang, Cinta"
76,Hindia,Evakuasi,"Aku hanya ingin ketenangan
Bukan rumah uang atau ketenaran
Aku hanya butuh ketenangan
Ia sangat jauh hanya angan-angan","Sedih, Takut"
77,Hindia,Evakuasi,"Aku hanya ingin ketenangan
Tanpa kabar panggilan dan pertemuan
Aku hanya butuh ketenangan
Menghilangkan diri dari keramaian","Sedih, Takut"
78,Hindia,Evakuasi,"Seribu Tuhan ini berat
Bangun berpura menjadi kuat
Sungguh semua ini bom waktu
Memikul ceritamu
Memikul salahku","Sedih, Takut"
79,Hindia,Evakuasi,"Aku bukan objek validasi
Jauhkan diriku dari foto selfie
Aku bukan objek imitasi
Jangan pakai fotoku di akun pribadi",Marah
80,Hindia,Evakuasi,"Kau tak akan pernah mengenaliku
Berbicara seakan kau tahu diriku
Ku mendoakanmu dari jauh
Tak perlu mengirim pesan di ulang tahunku",Marah
81,Hindia,Evakuasi,"Sekarang ku pergi
Anggap aku mati
Selamatkan diri
Oh evakuasi","Sedih, Marah"
82,Hindia,Evakuasi,"Jangan cari aku
Siang hari sore nanti
Malam ini ku menari
Dengan bayangan diri sendiri",Senang
83,Hindia,Evakuasi,"Aku hanya butuh ketenangan
Ia sangat jauh
Hanya angan-angan
Aku hanya butuh ketenangan",Sedih
84,Hindia,kids,"Pagi ini sumpah kukira kucingku bangunkanku dengan kukunya
Hati sedih saat ku sadar diriku sendirian di luar kota
Far far away from my responsibility of feeding them all on time
Right now so close I know I'm getting what I want I think I need some more dimes","Sedih, Cinta"
85,Hindia,kids,"Dan kadang ku takut kurang luangkan waktu di rumah 'tuk Mimi dan Betty
Terlambat sadar bahwa sepanjang hidup mereka hanya punya diriku","Sedih, Takut, Cinta"
86,Hindia,kids,"Maybe I made one too many mistakes
Just wanna feel their fur one last time
Always I hope that I did them okay
And gave them enough love in their lives","Cinta, Sedih"
87,Hindia,kids,"No I got no answer
I just can't decide
Tak punya jawaban
I just can't decide","Sedih, Takut"
88,Hindia,kids,"Whether I really care about making it big
Or if I really just wanna hop on that plane and go home
Be home with my cats
Be home with my kids","Cinta, Sedih"
89,Hindia,kids,"It was difficult
It's inevitable
Certain all my life
I'd find a way to just not talk about it","Sedih, Takut"
90,Hindia,kids,"Andai kamu ada selamanya
Takkan siap hadapi harinya
Dan saat tiba waktuku juga
Kan ku panggil kau di atas sana","Sedih, Cinta"
91,Hindia,Bayangkan Jika Kita Tidak Menyerah,"Pernah kau bayangkan jika kita menikah
Selucu apa anak-anak karena ibunya manis sekali
Pernah kau bayangkan jika Abang dan Madu hidup selamanya
Menungguku pulang di tur kelima puluh nanti","Cinta, Senang"
92,Hindia,Bayangkan Jika Kita Tidak Menyerah,"Bayangkan jika kita tidak menyerah
Tantangan apa pun dari Ayah atau dunia
Kita hadapi kita lewati kita ikuti kita nikmati
Pemanasan global dan perbedaan agama
Kita hadapi kita lewati
Bayangkan jika kita tidak menyerah
Bayangkan jika kita tidak menyerah","Cinta, Senang"
93,Hindia,Bayangkan Jika Kita Tidak Menyerah,"Pernah kau bayangkan langit Jakarta cerah
Saat kau mendarat pulang pandanganmu tak tertutup polusi
Pernah kau bayangkan percaya dengan yang ada di Istana
Karena yang kita taruh di sana akhirnya memiliki hati","Senang, Cinta"
94,Hindia,Bayangkan Jika Kita Tidak Menyerah,"Pernah kau bayangkan tak takut melihat berita
Tak takut jadi dirimu yang seada-adanya
Tak takut punya mimpi yang lumayan agak gila
Berat tapi besok ada di tangan kita","Senang, Takut"
95,Hindia,Bayangkan Jika Kita Tidak Menyerah,"Aku tahu kuhabiskan rekaman ini banyak mengeluh
Di penghujung album ini satu kesempatan kupakai untuk
Tersenyum tertawa berkhayal maka",Senang
96,Hindia,Bayangkan Jika Kita Tidak Menyerah,"Bayangkan jika kita tidak menyerah
Tantangan apa pun dari Ayah
Dari Bunda dari dunia dari mana hei maju semua
Bayangkan jika kita tidak menyerah
Bayangkan jika kita tidak menyerah","Senang, Cinta"
97,Hindia,Alexandra,"Sasa malam ini mau pergi ke mana
Masih bisakah kau dan teman-temanmu rayakan dunia
Tengah malam ini kan bertemu siapa
Bisakah Ia tersenyum menyikapi dunia
Maukah kalian memaafkan kami semua
Kami rampas berbagai hal yang bisa buatmu bahagia","Sedih, Marah, Takut"
98,Hindia,Alexandra,"Jalanmu berat seumur hidup
Semoga ada bara yang tersisa
Pun kata maaf jauh terlambat datang
Salahkan kami","Sedih, Marah"
99,Hindia,Alexandra,"Jika suatu saat kau jadi Ibu juga
Paman harap kau ajarkan Ia tuk merayakan dunia
Semoga Ia tak ulangi lalai kami semua
Bisakah tak kau rampas api itu dari dalam dirinya","Sedih, Cinta"
100,Hindia,Alexandra,"Salahkan kami kami mengerti
Satu hal yang bisa kau tiru hanya perihal merusak diri
Berharap hal baik yang kau temui hari ini berarti
Saat kau dewasa nanti","Sedih, Marah"
101,Hindia,Tinggalkan Di Sana,"Menikmati Cipete yang sepi
Walau minim yang dapat dikunjungi
Tak hilang indahnya Senopati
Tanpa hiruk-pikuk muda-mudi",Senang
102,Hindia,Tinggalkan Di Sana,"Karena masuk di notification
Langsung diklik dalam milisekon
Mumpung kredit belum kena plafon
Hari raya bukan tentang diskon",Marah
103,Hindia,Tinggalkan Di Sana,"Semua orang pulang kerumah
Meninggalkan raksasa dikota
Dan warna langit mulai berubah
Jadi lebih biru dan ceria",Senang
104,Hindia,Tinggalkan Di Sana,"Tersisa segelintir pejuang
Kali ini kami belum pulang
Mungkin karena sudah tak berkampung
Atau beda tuhan dan pelindung",Sedih
105,Hindia,Tinggalkan Di Sana,"Meleburlah dengan keluarga
Basa-basi yang basi biasa
Tahan-tahan lawan pertanyaan
Yang tak seharusnya ditanyakan
","Sedih, Marah"
106,Hindia,Tinggalkan Di Sana,"Tinggalkan pilihanmu disana
Kembali menjadi manusia
Yang waras menanggapi berita
Tak dipecah yang diatas sana",Senang
107,Hindia,Tinggalkan Di Sana,"Tinggalkan pilihanmu disana
Kembali menjadi manusia
Yang mawas melihat isi kota
Dengan orang yang banyak ragamnya",Senang
108,Hindia,Jam Makan Siang,"Kita manusia
Mahluk mulia
Kita butuh uang
Untuk gali liang","Sedih, Marah"
109,Hindia,Jam Makan Siang,"Tentang angan-anganku
Di jam makan siang
Saat semua orang berjuang
Di ladang yang gersang
Terus merasa kurang
Haus yang mengiang
Siapa yang menang","Sedih, Takut"
110,Hindia,Jam Makan Siang,"Sosial media jual beli surga
Tak ada prospeknya
Tak ada uangnya
Tanah yang melangit
Bumi yang sakit
Cukup dirimu yang tau jalannya","Sedih, Marah"
111,Hindia,Jam Makan Siang,"Boleh berkarya asal hobi saja
Cita-cita cinta dipatah keluarga
Ketika norma peradatan
Terpilih sebagai alasan
Semua berkata
Mimpi sewajarnya","Sedih, Marah"
112,Hindia,Jam Makan Siang,"Ku di antara gemuruh ragu yang menggetarkan jiwa
Seorang manusia yang sedang memimpikan mimpinya
Di atas awan yang menderu
Melamun dia belum merasa saatnya terbangun
Sedang berlayar tinggi-tingginya
Di sini tempatku berlabuh
Jalan yang kutempuh dari dulu
Satu-satunya yang ku tau
Aku cuma bisa jadi aku
Hidup tak semudah membalik telapak tangan
Tak ada jalan singkat tuk menuai yang kau tanam
Sadari yang kau cari itu butuh dirancang
Kecuali dietmu hanya makanan instan","Sedih, Senang"
113,Hindia,Belum Tidur,"Semua yang sirna kan kembali
Semua yang sirna kan terganti
Dan ku bertanya untuk apa
Angan yang belum dijawab juga
Amin paling serius (detik jam)
Simpul jari yang erat (sang gerilyawan)
Doa semakin berat (berdentang mengingatkan)
Rasakanlah (ciri pikiran)
Semua perasaanmu (khas pagi buta menyerang aku)","Sedih, Takut"
114,Hindia,Belum Tidur,"Malam ini (yang tegang)
Milikmu sendiri (terus-terusan)
Melayang dan masuk dalam tubuhmu (merebahlah sedikit badanmu katamu yang memahamiku)
Maunya juga menepi tapi banyak tapi banyak yang belum rapi ya meski masih berantakan
Kami sabar menunggu nyawamu kembali",Sedih
115,Hindia,Belum Tidur,"Dan tidurlah dengan kecepatanmu (juga karya seni)
Saat siap menutup hari (belum tidur bukan lembur)
Dunia berhenti pukul tiga pagi (belum tidur bukan lembur bukan menunggu)
Kejutan",Sedih
116,Hindia,Belum Tidur,"Selamat dan panjang umur
Menghentikan waktu di kamar ini (selamat dan panjang umur)
Selamat dan panjang umur
Selamat dan panjang umur",Senang
117,Hindia,Belum Tidur,"Sibuk mencerna riuh bukan di telinga ku sehat raga
Kau yang tahu tenggat diri sendiri
Lantas berisik di kepala","Sedih, Marah"
118,Hindia,Belum Tidur,"Kau yang tahu racun diri sendiri (datangnya dari mana)
Dunia berhenti pukul tiga pagi (datangnya dari mana)
Datangnya dari mana","Sedih, Takut"
119,Hindia,Belum Tidur,"Menghentikan waktu di kamar ini
Canggih tubuh kan mampu sembuhkan lukanya sendi
Kau yang tahu tenggat diri sendiri
Canggih tubuh kan mampu sembuhkan lukanya sendiri
Kau yang tahu racun diri sendiri",Sedih
120,Hindia,Dehidrasi,"Lihatlah kebunku
Penuh dengan ratusan pesan whatsapp menggebu
Selalu pura pura lupa
Membalas yang meminta","Sedih, Marah"
121,Hindia,Dehidrasi,"Berkarya cuma-cuma nihil m-BCA
Memaksa wawancara dengan pertanyaan yang Itu-itu saja
Dengan yang dulu yakin bahwa ku takkan bisa
Sekarang menyapa seakan sahabat lama
Yang membuat resah oh air yang keruh
Siram jauh tak usah kau sentuh","Marah, Sedih"
122,Hindia,Dehidrasi,"Lepaskan dirimu bersihkan tubuhmu
Dari racun yang mengalir di dalam darahmu
Lepaskan dirimu bersihkan lingkupmu
Dari racun yang bersuara tentang hidupmu",Marah
123,Hindia,Dehidrasi,"Oh hati-hati dalam memilih racunmu
Oh hati-hati dengan hati yang berduri
Oh dehidrasi mata air yang semu
Oh dehidrasi memaksa tanpa mengerti","Marah, Takut"
124,Hindia,Dehidrasi,"Ku diminta bercerita
Ku meninggi sekarang berbeda
Katamu yang ramah katanya
Katamu yang dulu tak pernah ada","Marah, Sedih"
125,Hindia,Apapun Yang Terjadi,"Alarm jam delapan pagi
Karna jam sepuluh kau isi absensi
Kau bangunkan aku stiap hari
Rute yang sama ulangi lagi
Makan malam bersama di Gancy
Hanya bersama di lima hari","Cinta, Senang"
126,Hindia,Apapun Yang Terjadi,"Sering berpisah di akhir pekan
Kau dengan teman-teman
Aku bermain peran
Mulai mempertanyakan
Siapa yang salah benar","Sedih, Marah"
127,Hindia,Apapun Yang Terjadi,"Dulu bersama berburu properti
Dulu antar jemput sekarang pulang sendiri
Di kehidupan kita singgah dan pergi
Apa pun yang terjadi kita abadi","Sedih, Cinta"
128,Hindia,Apapun Yang Terjadi,"Taman yang luas seekor corgi
Kita beri nama Gimli
Kuantar jemput anak setiap pagi
Di kehidupan yang lain","Cinta, Senang"
129,Hindia,Apapun Yang Terjadi,"Ukuran sepatumu pantangan dan dietmu
Masih berguna di masa lalu
Ukuran sepatumu pantangan dan dietmu
Masih berguna di masa lalu","Sedih, Cinta"
130,Hindia,Apapun Yang Terjadi,"Di masa lalu di dalam buku
Dalam sejarah kita masih indah
Walau parau perih di lagu yang lain
Di melodi ini bersyukur pernah terjadi","Sedih, Cinta, Senang"
131,Hindia,Besok Mungkin Kita Sampai,"Luka silet di pipi
Sakitnya setengah mati
Kubawa bekasnya sampai mati
Setidaknya ku tak takut darah lagi","Sedih, Takut"
132,Hindia,Besok Mungkin Kita Sampai,"Mengikuti sepak bola
Dan transfer pemain di berita
Tapi masuk klub fotografi
Karena kaki tak hebat menari",Sedih
133,Hindia,Besok Mungkin Kita Sampai,"Enggan masuk SMA
Hingga malam di Brawijaya
Menunggu pembebasan
Mereka tak paham yang kita wariskan","Sedih, Marah"
134,Hindia,Besok Mungkin Kita Sampai,"Stella bertemu pasangannya
Adrian ke Australia
Kawan-kawan pergi S2
Namun tujuanku belum tiba",Sedih
135,Hindia,Besok Mungkin Kita Sampai,"Tak ada yang tahu
Kapan kau mencapai tuju
Dan percayalah bukan urusanmu untuk menjawab itu
Bersender pada waktu","Sedih, Takut"
136,Hindia,Besok Mungkin Kita Sampai,"Kuatkanlah dirimu
Atas pertanyaan yang memburu
Tentang masa depan pernikahan pendidikan pekerjaan keimanan","Sedih, Takut"
137,Hindia,Besok Mungkin Kita Sampai,"Selalu minta bertemu lagi
Namun hanya bersua di reuni
Nama-nama yang datang dan pergi
Kadang bagai maling di malam hari
Jangan takut melihat yang ambil cuti
Kapan-kapan semoga kau berani
Hidup bukan saling mendahului
Bermimpilah sendiri-sendiri","Sedih, Cinta"
138,Hindia,Besok Mungkin Kita Sampai,"Tak ada yang tahu
Kapan kau mencapai tuju
Dan percayalah bukan urusanmu untuk menjawab itu
Katakan pada dirimu
Besok mungkin kita sampai
Besok mungkin tercapai","Sedih, Senang"
139,Hindia,Setengah Tahun Ini,"Setengah tahun ini kita bertahan
Belajar bermaafan tanpa pertemuan
Setengah tahun ini memanggil Tuhan
Saat bisnis jeblok hilang penghasilan","Sedih, Takut"
140,Hindia,Setengah Tahun Ini,"Siapa sekarang yang tak tahu Wuhan
Siapa yang suka colongan berdekat-dekatan
Siapa yang mencibir video imagine
Yang dengar rock metal dan masih gak maafin","Marah, Sedih"
141,Hindia,Setengah Tahun Ini,"Sebagian kita dirundung murka
Panas melihat istana yang tidak transparan
Sebagian kita dirundung murka
Karena Omnibus McD Sarinah staf khusus",Marah
142,Hindia,Setengah Tahun Ini,"Dan semua hati diwabah duka
Bunga untuk para korban dan yang garda depan
Dan semua hati dirundung duka
Bung Glenn dan cinta dalamnya yang semua rasa",Sedih
143,Hindia,Setengah Tahun Ini,"Siapa yang sangka siapa yang sangka
Enam bulan sekarang terasa selamanya
Siapa yang sangka siapa yang sangka
Kita ada di sini oh absurd rasanya
Absurd rasanya","Sedih, Takut"
144,Hindia,Setengah Tahun Ini,"Setengah tahun ini kuminta izin
Kurangi buka ponsel bahaya batin
Bersalah besar ke keluarga besar
Harus ikut stres karena ku mulut besar","Sedih, Marah"
145,Hindia,Setengah Tahun Ini,"Banyak omong tapi dari keluarga menengah
Banyak gonggong tapi anjing datang ku jengah
Banyak berkah banyak celah hidup mudah
Banyak tulah lahap menjilat ludah
I'm on the run again no one will find me
Put down the razor now do you want to end me
Kembali ke tanah tumbuh cemara lagi
Seenaknya beban tuk yang ditinggal mati","Marah, Sedih"
146,Hindia,Setengah Tahun Ini,"Beban tuk yang ditinggal mati
Kita bersama kali ini
Lewati setengah tahun lagi
Kita bersama kali ini
Jangan kau pamit lebih pagi
Kita bersama kali ini
Lewati setengah tahun lagi
Ku masih ingin melihatmu esok hari","Sedih, Cinta"
147,Hindia,Setengah Tahun Ini,"Aku hanya butuh ketenangan
Semua yang sirna kan nanti terganti
Ku masih ingin melihatku esok hari
Menarilah dengan
Bayangan sendiri","Sedih, Senang"
148,Hindia,Hari Yang Baik Untuk Berbohong,"Beranjak dari kasur
Buru-buru mandi
Buka lemari baju
Mana saja hari ini",Sedih
149,Hindia,Hari Yang Baik Untuk Berbohong,"Bergegas beranjak pergi
Jangan terlambat lagi
Ini bukan di pagi hari
Sudah pukul dua siang",Sedih
150,Hindia,Hari Yang Baik Untuk Berbohong,"Entah mengapa malam tadi
Kesurupan atau alkohol
Pikiran atau hal tolol
Air mata lancar jalan tol",Sedih
151,Hindia,Hari Yang Baik Untuk Berbohong,"Tapi ada dua rapat sore in
Penonton menunggu dari pagi
Ajakan makan malam sudah janji
Tak mau ku rusak momen nya lagi","Sedih, Senang"
152,Hindia,Hari Yang Baik Untuk Berbohong,"Hari yang baik untuk berbohong
Hari yang baik untuk tertawa
Hari yang baik tuk bahagia
Hari yang baik tuk cari uang","Senang, Sedih"
153,Hindia,Hari Yang Baik Untuk Berbohong,"Rambut ku terlalu panjang
Berantakan menutup mata ku
Yang katanya terlalu lelah
Kita mahir-mahir menutup celah",Sedih
154,Hindia,Hari Yang Baik Untuk Berbohong,"Boleh kah tato kelihatan
Jangan buat tanda salib di kerumunan
Iklan-iklan yang dipaksakan
Katanya ku kurang senyum harus lebih fun","Marah, Sedih"
155,Hindia,Aku Rasa Kita Selamanya,"Aku rasa kita selamanya
Kita abadi menyala bersama
Peganganku saat tak ada yang nyata
Andalanku kawan kau slalu ada","Cinta, Senang"
156,Hindia,Aku Rasa Kita Selamanya,"Ingatkah saat kita bermalam habis
Atau saat ku linglung digantung habis
Saat kita bersama melihat matahari terbit di awal hari
Dari puncak tertinggi","Senang, Cinta"
157,Hindia,Aku Rasa Kita Selamanya,"Memoriku semua trisi penuh
Kau di situ slalu tak pernah jenuh
Maafkan aku jika sering mengeluh
Ku mau kau trus di sini
Temani aku lagi skarang dan sampai nanti","Cinta, Sedih"
158,Hindia,Aku Rasa Kita Selamanya,"Aku rasa kita selamanya
Kita abadi menyala bersama
Peganganku saat tak ada yang nyata
Andalanku kawan kau slalu ada","Cinta, Senang"
159,Hindia,Aku Rasa Kita Selamanya,"Ingatkah saat kita terjebak total
Seakan cuaca simpan dendam fatal
Juga segala crita dan persoalan tiap bulan dan tanggal
Tanpamu akan janggal","Cinta, Senang"
160,Hindia,Aku Rasa Kita Selamanya,"Skarang dan sampai nanti
Skarang dan sampai nanti
Skarang dan sampai nanti",Cinta
161,Hindia,Janji Palsu,"Sukses hanya dipinjamkan dan mungkin aku penyewa yang lihai
Hidup dalam angan-angan di dalam kepala sibuk bertikai
Cinta dan hal banal lain disobek bagaikan kain
Dijual sesuai berat dipakai untuk bermain
Semua tak terkecuali hingga nihil direduksi
Jadi produk nan terkini sekecil serbuk gergaji","Sedih, Marah"
162,Hindia,Janji Palsu,"Kata-kata kosong yang kerap kujual
Kali ini menuntut tumbal","Sedih, Marah"
163,Hindia,Janji Palsu,"Per hari ini kita semua mati rasa
Atas berbagai lirik berisi semesta
Yang berkata semua indah pada waktunya
Kau tahu hidup ini tak ada artinya","Sedih, Marah"
164,Hindia,Janji Palsu,"Dijual grosir oleh yang kanan dimaki habis di jaringan kiri
Dilepeh najis oleh yang mapan ditekan habis bak anak tiri","Marah, Sedih"
165,Hindia,Janji Palsu,"Batinku sebatas bahan
Guyon gelak tawa kalian
Imanku sebatas bahan
Makian peradaban bosan","Sedih, Marah"
166,Hindia,Janji Palsu,"Kurasa kau tak akan takut malam ini
Melihat namamu jadi target caci maki
Seringku berfantasi untuk bunuh diri
Agar kau merasa bersalah sampai mati","Sedih, Marah, Takut"
167,Hindia,Janji Palsu,"Kau tahu ku tak minta dilahirkan juga
Ku tahu semua uang ini tak berasa
Ku tahu karir ini tak ada artinya
Kesuksesanku dipinjamkan sementara
Janji palsu dunia","Sedih, Marah"
168,Hindia,Matahari Tenggelam,"Semua yang kau cela
Semua yang kau bela
Hak suara ku kan kau anggap responsif
Menahan diri dianggap lemah","Marah, Sedih"
169,Hindia,Matahari Tenggelam,"Semuanya tak nyata
Kau pun termakan juga
Batin lapar kau mudah digembala
Lihat sekarang engkau di mana","Marah, Sedih"
170,Hindia,Matahari Tenggelam,"Oh jelas hal ini memang tak ada
Karena kau tak pernah merasakannya
Aman duduk manis hanya tertawa
Gagah dirimu di balik kaca","Marah, Sedih"
171,Hindia,Matahari Tenggelam,"Hanya jika sampai ada karangan bunga
Aku akan berbela sungkawa
Dan apa kau dengar semalam di berita
Omong-omong ku kenal dia juga","Marah, Sedih"
172,Hindia,Matahari Tenggelam,"Ku doakan kita semua masuk neraka
Panjang umur
Matahari tenggelam (matahari tenggelam)
Selamat datang malam (selamat datang malam)
Panjang umur (turut berduka)
Panjang umur (turut berduka)","Marah, Sedih"
173,Hindia,Satu Hari Lagi,"Lima juta lagi untuk botol minum keras
Tiga juta kosmetik dalam game terus ku kuras
Hanya segelintir uang yang terus keluar deras
Ku sekarang bernafas tanpa tujuan jelas",Sedih
174,Hindia,Satu Hari Lagi,"Karena tak ada lagi yang kucari di sini
Mimpi menjadi besar tak menggiurkan lagi
Anganku hanya sampai sejauh tanah sendiri
Hanya ingin mengeluh tak bisa bijak lagi",Sedih
175,Hindia,Satu Hari Lagi,"Jujur aku sangat beruntung
Selalu hidup cukup tak bisa lagi ku bernyanyi seakan ku
Mengerti dirimu hidupmu lukamu sakitmu
Mulai sekarang coba kau tanggung itu sendiri
Kadang ku merasa terlalu malas untuk berkarya
Kurang pantas diriku bergelimang harta
Sekali saja ku bicarakan tentang mental mu kawan
Tak setiap hari ku bisa peduli itu (oh kawan)",Sedih
176,Hindia,Satu Hari Lagi,"Tinggalkan aku di sini
Ku hanya mampu menyambung hidup hari per hari
Biarkan aku di sini",Sedih
177,Hindia,Satu Hari Lagi,"Hanya bisa berpikir tuk satu hari lagi
Aku hanya ingin muntah sekali lagi
Ingin makan kenyang sekali lagi",Sedih
178,Hindia,Satu Hari Lagi,"Jangan anggap aku tulang punggungmu
Sekali ku berhenti tamat hidupmu
Jangan beri aku target dagangmu
Aku bukan komoditas milikmu","Marah, Sedih"
179,Hindia,Satu Hari Lagi,"Ingin menamatkan satu series lagi
Dan menangis keras sekali lagi",Sedih
180,Hindia,Ibel,"Aku duduk manis di kamar
Sirene berkejaran di luar
Siapa lagi yang tak beruntung hari ini
Masih muda atau kena komplikasi","Sedih, Takut"
181,Hindia,Ibel,"Aku duduk manis menulis
Lagu ini menunggu rilis
Sekolah dibuka lagi murid berbaris
Rasa bersalahku tak kunjung habis",Sedih
182,Hindia,Ibel,"Hidupku berlanjut
Dan malam ini teman-temanku tertawa
Termabuk di bar","Sedih, Senang"
183,Hindia,Ibel,"Atas semua kesalahan kami kurang cepat buka suara
Atas semua kesalahan kami tak disiplin menutup mulut
Aku minta maaf
Aku minta maaf","Sedih, Marah"
184,Hindia,Ibel,"Aku takut kau hilang ditelan waktu
Berharap kau bahagia di atas sana
Kau tata rambut semuanya di surga
Sekarang kau tata rambut semuanya di surga","Sedih, Takut, Cinta"
185,Hindia,Siapa Yang Akan Datang Ke Pemakamanmu Nanti?,"Kau duduk kaku di tepi tempat tidur
Terdengar isak tangis hati keluargamu hancur
Bergegas kau ikuti konvoi ke liang lahat
Berkumpul di tempat terakhir beristirahat","Sedih, Takut"
186,Hindia,Siapa Yang Akan Datang Ke Pemakamanmu Nanti?,"Tanah terbuka dan bumi menganga
Melihatnya kau sadar uang hanya sementara
Lihat petimu dibalut duka dan lara
Dan beberapa berharap kau masuk neraka","Sedih, Marah"
187,Hindia,Siapa Yang Akan Datang Ke Pemakamanmu Nanti?,"Siapa yang akan datang ke pemakamanmu nanti
Siapa yang dalam diam berharap kau tuk cepat mati","Sedih, Marah"
188,Hindia,Siapa Yang Akan Datang Ke Pemakamanmu Nanti?,"Tetangga dan teman mana yang terpukul
Pasti hadir lihat peti dan tawarkan memilkul
Akankah kucing komplek mu sedih kau telah tiada
Cukup baik kah kau ke yang tidak punya kuasa
Selesai kah semua ikatan mu di dunia
Apa kalimat terakhir mu untuk yang kau cinta",Sedih
189,Hindia,Siapa Yang Akan Datang Ke Pemakamanmu Nanti?,"Tanah terbuka dan bumi menganga
Melihatnya kau sadar hidup hanya sengsara
Lepas dari penjara fisik langit bergema
Sekarang namamu diuji kematian kedua
Oh hidup hanya sengsara",Sedih
190,Hindia,Selebrisik,"Aku adalah arsitek (no I'm just kidding that's Koil)
Aku tak peduli kalian better watch your back
Kalian bisa panggilku kaum intelek
Paling punya knowledge
Seleb rajin bersolek kuasai setiap aspek
Spec canggih high tech followers siap protect
Kuangkat derajatmu waktu engkau ku follback","Marah, Senang"
191,Hindia,Selebrisik,"Get it get it on
Kalian minum dari tong kosong
Walau suaraku fals kau tetap sing along
Selebriti jadi candu kau hisap pakai bong
Lalu kumabukkan kalian dengan statement bodong","Marah, Senang"
192,Hindia,Selebrisik,"Social media televisi
Arena bermainku untuk dapat komisi
Comment semua isu aku butuh validasi
Adiksi monetisasi lalu aku selebrasi","Marah, Senang"
193,Hindia,Selebrisik,"No matter how I do it you'll keep walking around
Trash talking but menina you're trying to hard
Cause I'll be saying to nem ai
Eu nao to nem ai (mas que porra mas que porra mas que porra)",Marah
194,Hindia,Selebrisik,"Se ele soubesse esse
Ele mesmo e um lixo assim
Muito trashy
Then I'll be saying to nem ai
Eu nao to nem ai",Marah
195,Hindia,Selebrisik,"Lebih baik tutup mulutmu
Karena ku sudah duluan menutup mulutku
Karena ilmu milikmu tidak pernah di situ
Pun aku mustahil selalu melek kau halu",Marah
196,Hindia,Selebrisik,"Kamu hanya target pasar
Produk jualan korporasi jemput antar
Modal cerita sedih bisa main kasar
Narasi kesehatan mental menggelegar","Marah, Sedih"
197,Hindia,Selebrisik,"Lebih baik tutup mulut 
Lebih baik tutup mulutmu 
Kututup mulutmu lebih baik",Marah
198,Hindia,"Kami Khawatir, Kawan","Kali ini ke mana lagi
Kau ajak tas ranselmu pergi
Kami khawatir kawan
Sumpah sudah berapa kali
Kau bilang tak mungkin kembali
Kami khawatir kawan","Sedih, Takut, Cinta"
199,Hindia,"Kami Khawatir, Kawan","Kau tahu kutahu
Betapa beracunnya benakmu
Bertahan melawan sumpah serapah di rumah
Kutahu kau tahu
Tak mudah membelah antah berantah
Berkali-kali kita ulangi","Sedih, Takut"
200,Hindia,"Kami Khawatir, Kawan","Kau menyerah sakit hati
Pasti lelah bertengkar lagi
Dengan ayahmu kawan
Percayalah dengar kami
Banyak yang rindu dan peduli
Kakakmu dan kawan-kawan","Sedih, Cinta"
201,Hindia,"Kami Khawatir, Kawan","Pasti ada waktunya nanti
Kau bayar semuanya sendiri
Tapi tak sekarang kawan
Dan jikalau jengah kami mengerti
Namun jangan enggan dicari
Hampiri kawan-kawan","Sedih, Cinta"
202,Hindia,"Kami Khawatir, Kawan","Ayo pulang kawan
Masuk dulu hujan
Ada waktunya nanti
Kau bisa menjauh pergi
Namun belum kawan
Masuk dulu hujan","Sedih, Cinta"
203,Hindia,"Kami Khawatir, Kawan","Ada caranya melepas diri
Waktu yang tepat untuk dirimu pergi
Namun tidak seperti ini
Namun jangan menghilang lagi kawan","Sedih, Takut"
204,Hindia,Iya... Sebentar,"Ayah pertanyakan keputusanku kontrak rumah
Seakan harga tanah semurah saat Ia belia
Bunda pertanyakan keputusanku tak menikah
Seakan biaya pendidikan semurah dahulu kala","Sedih, Marah"
205,Hindia,Iya... Sebentar,"Awan mempertanyakan minimku berolahraga
Sedikit lagi kiamat sehatku tidak berguna
Lalu kau pertanyakan apiku kini memudar
Iya sebentar ku perlu waktu untuk berbinar","Sedih, Marah"
206,Hindia,Iya... Sebentar,"Masih bisa kau haha-hihi di tengah pusara
Dunia sisa lara aku makan yang seadanya
Bulatkan hatiku sepenuhnya ikhlas berkarya
Masih saja iri diri dengan yang lebih ada","Sedih, Marah"
207,Hindia,Iya... Sebentar,"Iya sebentar beri aku waktu tuk mencerna
Nasib yang sial aku tak minta tuk dilahirkan
Aku mual perlahan semua menjadi banal
Aku menyerah melihat kotaku disfungsional","Sedih, Marah"
208,Hindia,Iya... Sebentar,"Iya sebentar beri aku waktu tuk berdiam
Dalam ketidakberdayaan melawan negara
Dalam ketidakberdayaan melawan dunia
Dalam ketidakberdayaanku melawan sukma","Sedih, Marah"
209,Hindia,Bunuh Idolamu,"Bunuh idolamu
Atau biarkan mereka hancurkan diri sendiri
Mau tak mau
Bertengkar mengejar hal yang hanya sekejap berarti","Marah, Sedih"
210,Hindia,Bunuh Idolamu,"Kau nilai dirimu
Hanya dari banyak pekerjaanmu
Kau nilai dirimu
Dari nama-nama yang kau kenal
Kalian berdua sama saja","Sedih, Marah"
211,Hindia,Bunuh Idolamu,"Oh sedikit banyak yang ku pikirkan
Tak pernah tega tuk ku ucapkan
Oh terlalu banyak ku sembunyikan
Karena kutahu jika ku menyanggah
Kau bilang aku egois dramatis oh
Aku yang salah","Sedih, Marah"
212,Hindia,Bunuh Idolamu,"Ku tak mau tahu
Pertikaian yang lahir karena kau belum usai dengan dirimu
Berpura tak tahu
Tapi kupegang rahasia kalian semua satu per satu (satu per satu)","Marah, Sedih"
213,Hindia,Bunuh Idolamu,"Ku tak mau tahu (tak mau tahu)
Setelah ini ku bernyanyi hal lain dan berlagak membisu
Sudah cukup sibuk
Menjaga hatiku di tengah dunia yang semakin berdebu","Sedih, Marah"
214,Hindia,Bunuh Idolamu,"Oh sedikit banyak yang ku pikirkan
Tak pernah tega tuk ku ucapkan
Oh terlalu banyak ku sembunyikan
Aku makamkan","Marah, Sedih"
215,Hindia,Bunuh Idolamu,"Jangan kau banyak bicara
Kau juga sama buruknya
Jari tengah untukmu kawan
Sana lanjut jual namaku",Marah
216,Hindia,Bunuh Idolamu,"Aku sudah lelah mengalah
Aku yang pertama dirugikan
Aku tak mengerti keadaan
Aku yang egois dramatis apatis","Marah, Sedih"
217,Hindia,Bunuh Idolamu,"Masih banyak yang kurasakan
Masih banyak hal yang kubenci
Bermodalkan kedua tangan
Kucekik kau di dalam mimpi",Marah
218,Hindia,Bunuh Idolamu,"Terkadang ku sebut namamu
Oh Tuhan selamatkan aku
Benci ini sungguh mengganggu
Berkaca bunuh idolaku","Marah, Sedih"
219,Hindia,Bunuh Idolamu,"Oh sedikit banyak yang ku pikirkan
Tak pernah tega tuk ku ucapkan
Oh terlalu banyak ku sembunyikan
Dalam doaku ku kunci diriku","Marah, Sedih"
220,Hindia,Forgot Password,"Ku yakin kau sama juga seperti aku benci butuh dunia maya
Segala hal baik ku doakan untukmu karena ku tahu rasanya
Buat salah di sana babak belur dicerca
Buat salah di sana sakiti yang kucinta","Marah, Sedih"
221,Hindia,Forgot Password,"Aku tahu kau juga melihat aku buang jiwa di sana
Terbawa apa pun yang terlihat bebas lupa bawa logika
Buat salah di sana kematian jadi doa
Buat salah di sana nilaiku hilang sempurna","Marah, Sedih"
222,Hindia,Forgot Password,"Dan semua pun sibuk menjebak terjebak
Menggonggong merintih mohon pertolongan dari
Diri sendiri
Dan aku sadari","Marah, Sedih"
223,Hindia,Forgot Password,"Semua berisik ku berteriak
Semua berisik ku pilih diam
Aku membenci sepenuh hati
Aku menjadi hal yang ku benci","Marah, Sedih"
224,Hindia,Perkara Tubuh,"Aku tak nyaman dengan tubuhku
Habiskan dua jam berganti baju
Aku tak nyaman dengan kepalaku
Habis seumur hidup ditopang dagu",Sedih
225,Hindia,Perkara Tubuh,"Aku tak nyaman dengan mataku
Tak terlihat hidup di bawah lampu
Aku tak nyaman dengan rambutku
Dengan tipe potongan apapun itu",Sedih
226,Hindia,Perkara Tubuh,"Aku tak nyaman dengan diriku
Serta semua dari lahir begitu
Aku tak nyaman dengan diriku
Banyak yang jelas salah dalam hatiku",Sedih
227,Hindia,Perkara Tubuh,"Aku tak nyaman dengan diriku
Hangus di dalam batin aku membiru
Aku tak nyaman dengan diriku
Hanya mulia dalam doa ibuku",Sedih
228,Hindia,Perkara Tubuh,"Aku tak nyaman dengan mulutku
Sulit diajak sopan saat berguru
Aku tak nyaman dengan perutku
Tahan nafas terus sampai membeku",Sedih
229,Hindia,Perkara Tubuh,"Aku tak nyaman dengan jariku
Menguning dengan jelas menghisap abu
Aku tak nyaman dengan pundakku
Dua nomor di atas ukuran baju",Sedih
230,Hindia,Perkara Tubuh,"Aku tak nyaman dengan batinku
Terlalu sering ingin menutup buku
Aku tak nyaman dengan batinku
Perlahan menghancurkan dalam diriku",Sedih
231,Hindia,Perkara Tubuh,"Aku tak nyaman dengan batinku
Percobaan bunuh diri di dalam saku
Aku tak nyaman dengan batinku
Kau juga kabari jika begitu","Sedih, Takut"
232,Hindia,Pesisir,"Komet melintas di atas kepala
Tak satupun kita menoleh
Semua sibuk hidupi diri
Lihat ke atas dambakan bulan
Lutut hanyut pinggang tenggelam
Semua sibuk hidup di mimpi","Sedih, Takut"
233,Hindia,Pesisir,"Harapanku menyelam
Kala langit menghitam
Dan pesisir bergumam
Dalam diam mengancam","Sedih, Takut"
234,Hindia,Pesisir,"Kencang kau menertawakan hujan
Di tengah gurun berapi
Cepat kau menertawakan hewan
Di dalam hilang empati
Cendekia kau anggap jenaka
Durhaka kau di hadapan data
Yang kau bangun sekarang semua fana
Kau sibuk hidup di mimpi","Marah, Sedih"
235,Hindia,Pesisir,"Harapanku tenggelam
Langit tertutup muram
Dan pesisir bergumam
Bersiap tuk menerkam","Sedih, Takut"
236,Hindia,Pesisir,"Bersiap tuk tenggelam
Bersiap tuk melebam
Sejauh ku berlari
Dosaku kan kembali","Sedih, Takut"
237,Hindia,Pesisir,"Konyol memikirkan masa depan
Esokmu masih dalam ancaman
Semua rancangan yang parau
Hanya mewariskan risau","Sedih, Takut"
238,Hindia,Pesisir,"Harapanku tenggelam
Langit tertutup muram
Dan pesisir bergumam
Bersiap tuk menerkam","Sedih, Takut"
239,Hindia,Masalah Masa Depan,"Ku tak cukup pintar tuk bicarakan uang
Ku tak cukup peka tuk bicarakan alam
Tak cukup bijak tuk bicarakan orang
Pikiranku bertandang jauh dari sekarang","Sedih, Takut"
240,Hindia,Masalah Masa Depan,"Yang ku tahu besok hancur berantakan
Seperti kata orang pintar macam Gita Wirjawan
Dan ku tahu siapa untuk disalahkan
Masalah masa depan biar mereka bereskan","Sedih, Marah"
241,Hindia,Masalah Masa Depan,"Berdiri di penghujung buku
Gemetar lututku tersisa ragu
Berlindung di belakang tawa
Di dalam hati tersisa ragu
Hari ini apa yang lucu
Jutaan cara tuk batin yang gagu
Berdiri di akhir dunia
Di minggu ini tersisa ragu","Sedih, Takut"
242,Hindia,Masalah Masa Depan,"Lawan resesi modalku hanya pas-pasan
Lawan emisi pun aku hanya figuran
Tak cukup penting tuk bikin perubahan
Nasibku tak karuan tidak digenggam tangan","Sedih, Takut"
243,Hindia,Masalah Masa Depan,"Yang ku tahu hadapi sambil berjalan
Seperti kata orang bijak yang paham kebatinan
Dan ku tahu siapa untuk disalahkan
Masalah masa depan aku punya peranan",Sedih
244,Hindia,Masalah Masa Depan,"Ke mana kah
Pelik esok hari kan bawaku pergi
Di antara
Berjuta nama aku hanya angka bukan sesiapa","Sedih, Takut"
245,Hindia,Jangan Jadi Pahlawan,"Banyak cobaan kita lalui bersama
Jadi bahan candaan
Banyak cobaan kita berbeda pandangan
Ku usahakan","Sedih, Cinta"
246,Hindia,Jangan Jadi Pahlawan,"Biarkan ku coba memahami dunia dengan cara sendiri
Tak berarti ku akan membencimu aku hanya belajar berdiri","Sedih, Cinta"
247,Hindia,Jangan Jadi Pahlawan,"Karena begitulah hidup kita akan beranjak dewasa
Masing-masing (masing-masing)
Ku melihat lagi ke belakang dan bersyukur kau di sana
Tanpamu ku tak bisa","Cinta, Senang"
248,Hindia,Jangan Jadi Pahlawan,"Jangan jadi pahlawan jangan larang ku pergi
Mungkin habis apiku di sini","Sedih, Marah"
249,Hindia,Jangan Jadi Pahlawan,"Percuma sebetapa kau coba kakiku sudah setengah di luar
Hatiku yakin inilah jalan yang benar
Jika ku tak lakukan ini sekarang
Cepat atau lambat pasti terjadi itulah hidup
Kau beranjak dewasa","Sedih, Senang"
250,Hindia,Jangan Jadi Pahlawan,"Biarkan ku coba memahami dunia dengan cara sendiri
Biarkan ku coba memahami dunia dengan cara sendiri
Oh tak berarti ku akan membencimu aku hanya belajar berdiri","Sedih, Cinta"
251,Hindia,Bayangkan,"Pernah kau bayangkan jika kau tak menyerah
Hadir sepenuhnya untuk masalah yang sedang kau hadapi
Pernah kau bayangkan bagaimana jika kita selamanya
Di ujung hari catat kita berdua dalam sejarah","Cinta, Senang"
252,Hindia,Bayangkan,"Bayangkan jika kita tidak menyerah
Bangun semua hal yang selalu kita lamunkan
Bagaimana pun kau jaga aku
Di mana aku kau pun di situ
Dalam tawa atau palung sedalam-dalamnya","Cinta, Senang"
253,Hindia,Bayangkan,"Ku jaga kamu kau jaga aku
Bayangkan jika kita tidak menyerah
Bayangkan jika kita tidak menyerah","Cinta, Senang"
254,Hindia,Nabi Palsu,"Di sebuah kota pinggir Jakarta
Ada seorang anak belajar dansa
Dengan bayangannya dengan lukanya
Dibalut lagu sedikit pas-pasan","Sedih, Cinta"
255,Hindia,Nabi Palsu,"Dan tanpa disangka mimpinya jadi besar
Awalnya Ia dambakan ternyata merepotkan","Senang, Sedih"
256,Hindia,Nabi Palsu,"Maka Ia berpesan pada dasarnya semua orang hipokrit
Percaya hanya pada dirimu bukan idolamu yang liriknya berbelit
Juga dengan mereka yang menjual air mata setiap menit
Atau dengan pelaku skena yang bagimu keren selangit","Marah, Sedih"
257,Hindia,Nabi Palsu,"Banjir acara di Ibukota
Ada seorang pria belajar terbuka
Dengan dirinya perasaannya
Dibalut lagu masih pas-pasan
Dan tanpa diminta orang perdebatkannya
Tanpa titik tengah entah benci dan suka","Sedih, Marah"
258,Hindia,Nabi Palsu,"Mereka semua penipu percaya hanya pada dirimu
Mereka semua penipu dan mungkin aku juga begitu
Mereka semua penipu percaya hanya pada dirimu
Mereka semua penipu dan mungkin aku juga begitu","Marah, Sedih"
259,Hindia,Nabi Palsu,"Na na nabi palsu
Na na na na nabi palsu
Na na nabi palsu
Na na na na nabi palsu",Marah
260,Hindia,Rasakan Nikmatnya Hidup,"Yang kau dengar dalam hati
Biarlah bergema kali ini
Jangan kau redam dan
Yang kau tempa sejauh ini
Jangan kau anggap tak berguna
Hanya kau yang tahu","Senang, Cinta"
261,Hindia,Rasakan Nikmatnya Hidup,"Semua pengorbananmu
Tuk hal yang kau cinta
Tanyakan pada dirimu","Senang, Cinta"
262,Hindia,Rasakan Nikmatnya Hidup,"Sebetapa kau mau
Oh tuk mengubah hidupmu
Di tanganmu kuasa
Atas ceritamu sekarang juga
Besok atau hari ini
Kau yang pegang kendali
Di tanganmu kuasa
Atas ceritamu sekarang juga",Senang
263,Hindia,Rasakan Nikmatnya Hidup,"Berbagai cobaan dan hal yang buat kau ragu
Jadikan percikan tuk menerpa tekadmu
Jalan hidupmu hanya milikmu sendiri
Rasakan nikmatnya hidupmu hari ini",Senang
264,Hindia,Setiap Waktu,"Aku tahu kau bingung
Memulai percakapan
Takut salah bicara
Lalu aku tersinggung","Sedih, Takut, Cinta"
265,Hindia,Setiap Waktu,"Aku tahu kau linglung
Gundah mencari jalan
Cairkan suasana
Diam sehening patung","Sedih, Cinta"
266,Hindia,Setiap Waktu,"Kau kehabisan kata
Karena nilai yang berbeda
Masalah yang pernah ada
Antara kita berdua","Sedih, Cinta"
267,Hindia,Setiap Waktu,"Pun begitu ku maafkanmu
Hingga seratus tahun lagi
Karena untukmu setiap waktu
Aku berusaha hatiku terbuka
Selebar-lebarnya","Cinta, Senang"
268,Hindia,Setiap Waktu,"Aku tahu terkadang
Kau anggap ku masih kecil
Tak tahu apa-apa
Pongah tentang dunia","Sedih, Cinta"
269,Hindia,Setiap Waktu,"Aku tak ingin menang
Walau kita berseberang
Hanya ingin kau percaya
Aku bisa mencerna",Cinta
270,Hindia,Setiap Waktu,"Tuk selalu memaafkanmu
Hingga seratus tahun lagi
Karena untukmu setiap waktu
Ku masih berdoa hatiku terbuka
Selebar-lebarnya
Ku masih berdoa hatiku terbuka",Cinta
271,Hindia,Setiap Waktu,"Ku tahu tak mudah
Aku berusaha
Melihat kehidupan dari pasang matamu
Yang berubah warna
Termakan usia
Ku temukan kebijaksanaan di dalamnya
Berjuang untukku dalam dunia yang berubah","Cinta, Sedih"
272,Hindia,Setiap Waktu,"Pun begitu kau maafkanku
Hingga seratus tahun lagi
Karena untukku setiap waktu
Engkau berusaha",Cinta
273,Hindia,Setiap Waktu,"Tuk selalu memaafkanku
Hingga seratus tahun lagi
Karena untukku setiap waktu
Kau masih berdoa",Cinta
274,Hindia,perseverance (in the face of grief),"Kan ku terabas api neraka
Untuk bisa menatap matamu hari ini
Badai petir di atas kepala
Tapi Tuhan terima kasih tuk hari ini
Diselimuti gelap gulita
Tapi bangga lewati denganmu hari ini
Tuli mendengar maki dan cerca
Siap kulawan mereka untukmu hari ini","Cinta, Senang"
275,Hindia,perseverance (in the face of grief),"Mama said Son keep on believing
All the world's for you to achieve
Gotta ask and you shall receive
Perseverance in the face of grief","Senang, Cinta"
276,Hindia,hated in the Nation,"We don't talk about this back home
Lock me up if I talk about this back home
Mistreated some of us back home
Colonized what's left in the West back home","Sedih, Takut, Marah"
277,Hindia,hated in the Nation,"We sure play pretend back home
Picking scraps of what we used to call home
Cautious of how I use my phone
Fearful of how I set my tone","Sedih, Takut"
278,Hindia,hated in the Nation,"Can only sing these songs in English
I know my chances, yeah, so I'll take the piss
I don't have much time, let me finish
A little space for things to say
That got me","Sedih, Takut, Marah"
279,Hindia,hated in the Nation,"Oh, hated in the nation
I know I'll be
Oh, hated in the nation
The nation","Sedih, Marah"
280,Hindia,hated in the Nation,"We can't talk about this back home
Tiptoe when you talk about home
I know you get demonized back home
Full speed demolition back home","Sedih, Takut, Marah"
281,Hindia,hated in the Nation,"Can only sing these songs in English
Unless I wanna sleep with the fishes
Saudara sedarah menangis
A little space for things to say
That got me","Sedih, Takut"
282,Hindia,hated in the Nation,"Oh, hated in the nation
I know I'll be
Oh, hated, hated, hated
Hated in the nation","Sedih, Marah"
283,Hindia,betty,"Today I hope that I get better
So I can love you more
So I can hear you more
Today I hope that I get better
Today I hope my heart gets stronger
Hmm","Cinta, Senang, Sedih"
284,Hindia,betty,"Today I hope my smile gets wider
So I can finally say
That I'm doing okay
Today I hope that you fly higher
Somehow I know that you'll be fine","Cinta, Senang"
285,Hindia,betty,"Oh
Rebahlah tubuhmu
Pejamkan mata
Oh
Percayalah tubuhmu
Penuh cahaya","Cinta, Senang"
286,Hindia,betty,"Today I realized through this song
That you were talking through me
Always been talking through me
Baby you were always our angel
Someday I hope seeing your picture
Won't be so painful","Cinta, Sedih"
287,Hindia,betty,"Today I hope that we had more time
So I could hug you more
So I could kiss you more
Today I'm here learning to let go
Somehow I know that you'll be fine
Mmm","Cinta, Sedih"
288,Hindia,betty,"Oh
Tidurlah yang tenang
Aku beranjak
Oh
Semua makhluk berbahagia
Malaikat kecilku","Cinta, Sedih"
289,Hindia,betty,"Tidur yang tenang malaikatku
Jika
Bahagia
Yang kurasa
Hanya sementara
Akan
Kuhabiskan
Semua waktuku
Hanya bersamamu","Cinta, Sedih"
290,Hindia,a feeling,"Don't know what to do with this song
I just know that I got a feeling
A foreign city and I'm all alone
All I got is this certain feeling","Sedih, Takut"
291,Hindia,a feeling,"Did I take this away from home?
Don't know how to describe this feeling
Tried everything just to overcome
This exact particular feeling","Sedih, Takut"
292,Hindia,a feeling,"Somebody help
I think I might just drown
Deep inside, pull me out
I haven't got enough sleep
I guess, I found the key to my success
I confess that I'm rambling, a mess
This is me at my best","Sedih, Takut"
293,Hindia,a feeling,"I think this is me at my best
When I'm overwhelmed by a feeling
Then that's me at my best
I'm a big bowl of chaos
I choke the world when I cry
I think that's when I'm at my best (My best, my best, my best)","Sedih, Takut"
294,Hindia,a feeling,"Doves flying up in the air
Just a bit outside my reach
Sing for me your gift of freedom
Don't wanna be like this anymore (Anymore)
I guess I'm nothing at my best
I guess I'm nothing at my best",Sedih
295,Hindia,a feeling,"Cukupkanlah ikatanmu
Relakanlah yang tak seharusnya untukmu
Cukup sudah yang lalu-lalu
Kugunakan lukaku 'tuk menggenggam dunia","Sedih, Cinta"
296,Hindia,semua lagu cinta terdengar sama,"Di seluruh tempat di seluruh dunia
Dimanapun lagu cinta ini terputar
Aku bergeleng kecil dan tersenyum tipis
Andai lagu ini tertulis olehku","Cinta, Senang"
297,Hindia,semua lagu cinta terdengar sama,"Direkam yang manis diisi bombastis
Ditujukan secara spesifik untukmu
Tentang hal-hal yang hanya kita berdua tahu
Karena semua lagu cinta terdengar sama
Ha ha ha ha ha ha ha","Cinta, Senang"
298,Hindia,semua lagu cinta terdengar sama,"Semua membosankan semua menjemukan
Tak ada yang bisa gambarkan parasmu
Secara sempurna maka kan kucoba
Karena semua yang lain terdengar sama
Terdengar sama","Cinta, Senang"
299,Hindia,semua lagu cinta terdengar sama,"Di seluruh tempat di seluruh dunia
Di mana pun lagu cinta ini terputar
Ada film di kepalaku yang kuputar
Adegan romantis pemerannya kamu","Cinta, Senang"
300,Hindia,the world is ending all over again,"Matikan ponselmu
Berita selalu sama saja
Matikan hatimu
Tak perlu kau bela penguasa","Sedih, Marah"
301,Hindia,the world is ending all over again,"The world is ending all over again
Oh well I don't care pick me up at ten
Ku tak peduli
The world is ending all over again
The world is ending all over again
Oh well I don't care pick me up at ten","Sedih, Marah"
302,Hindia,the world is ending all over again,"Buang simpatimu
Kau pun sedang lewati bencana
Makin tak berdaya
Ah ah-ah-ah-ah-ah
Makin terbiasa","Sedih, Marah"
303,Hindia,the world is ending all over again,"Ku tak peduli
Right now I'm used to all this fading pain",Sedih
304,Hindia,letdown,"Dua dekade
Ratusan janji yang tak selesai
Taman bermain
Yang berkarat dan terbengkalai
Jadi saksi generasi yang dipaksa tumbuh dewasa
Direnggut masa mudanya
Dijajah pelayannya","Sedih, Marah"
305,Hindia,letdown,"Apakah kita memang terpaksa harus berdamai
Bahwa semua
Mimpi bersama takkan tercapai
Atau sebaliknya
Lihat pagar yang tak terbuka
Jadi bunga di tirai besi
Berjuang dan tak henti di sini","Sedih, Marah, Takut"
306,Hindia,letdown,"Oh
Pray that I still have it in me
Bunga di tirai besi mengakar berlipat kali
Oh
Pray that I still
Pray that I still have it in me","Sedih, Marah"
307,Hindia,letdown,"You and me both
We want the same thing
Riding on danger
Oh like it's nothing
We know it won't end well
We'll keep on singing
Keep holding on
Bring on the letdown","Sedih, Marah"
308,Hindia,letdown,"Ku tak terima
Jika kita yang harus mengalah
Beranjak pergi
Di tanah ibu aku terjajah
Atau sebaliknya
Tegap kencangkan kuda-kuda
Tuang semen di mata kaki
Berjuang dan tak henti di sini","Marah, Sedih"
309,Hindia,letdown,"You and me both (you and me both)
We want the same thing (we want the same thing)
Riding on danger
Oh like it's nothing (oh, like it's nothing)
We know it won't end well
We'll keep on singing
Keep holding on
Bring on the letdown","Marah, Sedih"
310,Hindia,letdown,"We get high from the letdown
We get high from the letdown
We get high from the letdown
We get high from the letdown","Marah, Sedih"
311,Hindia,anak itu belum pulang,"Suatu hari aku melihat
Payung hitam berbaris rapat
Di televisi suatu pagi
Sebelum gegas berangkat sekolah","Sedih, Takut"
312,Hindia,anak itu belum pulang,"Suatu hari aku tercekat
Pertama kali aku mengerti
Alasan hadir puluhan orang
Baju gelap nol titik terang","Sedih, Takut"
313,Hindia,anak itu belum pulang,"Suatu hari aku bertanya
Apa belum selesai juga
Di layar ponsel di kantin kampus
Mendekati hari ku lulus","Sedih, Marah"
314,Hindia,anak itu belum pulang,"Di hari ini aku bertanya
Apa rasanya bagi mereka
Mengirim surat untuk siapa
Domba mohon ke serigala","Sedih, Marah"
315,Hindia,anak itu belum pulang,"Anak itu belum pulang
Yang di seberang belum pulang
Anak itu belum pulang
Yang di seberang belum pulang",Sedih
316,Hindia,anak itu belum pulang,"Satu jamuan
Tanpa jawaban
Siapa yang dalam diam benar tahu
Siapa yang dalam hati berseteru
Siapa yang suatu hari kan mengaku","Sedih, Marah"
317,Hindia,anak itu belum pulang,"Aku bantu semampuku
Merawat cerita di dalam kepalaku
Kamu bantu semampumu
Menebar cerita jauh ke penjuru","Sedih, Cinta"
318,Hindia,harga satu pil,"Berapa harga satu pil
Berapa banyak yang kau dapat sebelum
Semua disita jadi barang bukti
Berapa harga tebusan
Berapa banyak dari kami yang enggan
Karena kau lakukan ini berulang kali","Marah, Sedih"
319,Hindia,harga satu pil,Lalu ku berkaca tanyakan pada diriku,Sedih
320,Hindia,harga satu pil,"Berapa harga empati
Berapa banyak dari kami yang sadar kau lakukan ini
Kar'na sesuatu
Di keluargamu di masa lalu
Aku tak tahu
Berapa harga empati
Berapa besar ruang hatiku yang sadar hidupmu
Tak seberuntung diriku
Semoga aku menapak tanah aku tak tahu","Sedih, Cinta"
321,Hindia,harga satu pil,"Berapa harga dua manusia
Berapa besar tekanan batin dari kedua belah pihak
Orang tua
Hmm
Berapa harga sila ketiga
Terakhir kudengar hanya berlaku tuk mereka yang
Tak menyukai sesama oh oh oh oh","Sedih, Marah"
322,Hindia,harga satu pil,"Berapa harga empati
Berapa banyak dari kami yang sadar kau lakukan ini
Dari dalam hati
Tak terbayangkan besar bebanmu aku tak tahu
Berapa harga empati (berapa harga empati)
Berapa besar ruang hatiku yang sadar hidupmu
Tak seberuntung diriku
Semoga aku menapak tanah aku tak tahu (aku tahu)","Sedih, Cinta"
323,Hindia,harga satu pil,"Aku tak tahu (aku tahu)
Aku tak tahu (aku tahu)
Aku tak tahu",Sedih
324,Hindia,harga satu pil,Semoga aku menapak tanah aku tak tahu,Sedih
325,Hindia,YAAYO,"Aku membenci
Aku menghakimi
Setengah mati
Tapi saat ini
Aku tak tahu
Apa kau mau bicara serius?
Tentang bagaimana instrumen negara bunuh anaknya","Marah, Sedih"
326,Hindia,YAAYO,"You just want some fries
Would you like some tea?
Give you ABC
You don't want none of my activist shit
So give me three minutes
I'm gonna crank you out another hit
'Cause last time I heard you just wanna dance","Marah, Senang"
327,Hindia,YAAYO,"With me
If you just wanna dance
With me
Ya, ayo
You just wanna dance
With me
If you just wanna dance
With me
Ya, ayo","Senang, Marah"
328,Hindia,YAAYO,"Jika kau ingin lupa sebentar keadaan yang sukar
Tanah air yang pudar, hukum yang kian memelar
Dance
With me
If you wanna dance
With me
If you wanna
Bounce","Sedih, Marah, Senang"
329,Hindia,YAAYO,"Blazing in the fray
Throw your hands away
Count me in
Ingin mati rasa
Apa kau bisa tetap berdansa jika terselip ku bicara tentang
Papua
Kanjuruhan","Sedih, Marah"
330,Hindia,YAAYO,"If you're not comfortable then just scroll up
If you're not comfortable then go fuck yourself
If you're not comfortable then you know you just wanna dance",Marah
331,Hindia,loved by You,"Mencintai itu susah
Gua lahir sendiri, ada ibu ada bapak yang mencintai
Tapi enggak selalu
Kadang satu ada yang enggak tahu ke mana, dua-duanya enggak tahu ke mana
Makin gede ada om gua
Terus ada tante gua yang ngurusin gue dari kecil
Tapi di minggu yang sama mereka pergi duluan
Dan akhirnya hilang lagi
Mencintai itu susah
Apalagi diri sendiri
Kalau gua enggak sayang sama diri gue sendiri
Gimana caranya orang lain bisa sayang?","Sedih, Cinta"
332,Hindia,loved by You,"It’s been a year since my last therapy
If I’m being honest I’ve been looking for signs to come back
It’s been three years since I moved closer to the city
If I’m being honest I’ve been looking for signs to go back","Sedih, Cinta"
333,Hindia,loved by You,"I’ve been so fast to judge that I’m sick
I’ve been so fast to judge that I’m hated
I’ve been thinking maybe your attention’s just a trick
Some twisted game that would come to bite me much later
Most days it seems impossible for me to get better
Most days it seems impossible for me to remember
That you would be there to catch me when I fall, that I have you that would answer when I call
Today I started to count all my blessings, today I realized that I’ve been","Sedih, Marah, Takut"
334,Hindia,No One Will Find Me,"I'm on the run again
Threats all around me
I’m on the run again
Aku bersaksi","Sedih, Takut, Marah"
335,Hindia,No One Will Find Me,"Atas padi milik rakyat di Wonogiri
My people our church under siege another city","Sedih, Marah"
336,Hindia,No One Will Find Me,"Mom's on the phone again
Dek jaga diri
Media interview again
Kristenisasi","Sedih, Takut"
337,Hindia,No One Will Find Me,"Stranger in my own land
Pariah for the Godsend
Taboo for my own fans
See me with your sixth sense","Sedih, Takut, Marah"
338,Hindia,No One Will Find Me,"Cause no one will find me
They can try rat me out and locate me
But no one will find me
Sniff me out where I lay GPS me
Yet no one will find me
Track me down Cerebro can’t afford me
But no one will find me
But no one will find","Sedih, Marah"
339,Hindia,No One Will Find Me,"Cause no one will find me
They can try rat me out and locate me
But no one will find me
Sniff me out where I lay GPS me
Yet no one will find me
I'm a ghost don't look at me
I am lost never find me
Yeah leave me here where I should be","Sedih, Marah"
340,Hindia,No One Will Find Me,"Back on the track again
No one will miss me
They'll heed my words again
Come close come for me","Sedih, Marah"
341,Hindia,No One Will Find Me,"Crown made out of thorns again
Body on the cross again
Dark Knight rises Mr. Wayne
Messiah Wordfangs born again","Sedih, Marah"
342,Hindia,No One Will Find Me,"Rodents on the run again
Well they better be
Fire in the booth amen
Gotta confess my sins","Sedih, Marah"
343,Hindia,No One Will Find Me,"When my deeds got done I know
Gotta reap what you sow
They'll be running back at me I know
By then I'll be long gone","Sedih, Marah"
344,Hindia,No One Will Find Me,"And no one will find me
They can try rat me out and locate me
But no one will find me
Sniff me out where I lay GPS me
Yet no one will find me
Track me down Cerebro can't afford me
But no one will find me
But no one will find me","Sedih, Marah"